transition_id,coname,classification,succ_total,succ_yeardist,pred_total,pred_yeardist,roa_pre,roa_post,tsr_raw,tsr_mktadj
900001,CONTINENTAL AIRLINES INC,internal,,,,,,,,
1323,FMC CORP,external,9762101.0,0.0,6159592.0,0.0,0.0442232539496977,0.097123907914036,1.2593512298402905,1.273841743866491
4158,DIRECTV,external,32932618.0,0.0,6070610.0,0.0,0.0877320273293427,0.0919644476691456,,
1184,DUN & BRADSTREET CORP,internal,,,,,,,,
8488,INTUITIVE SURGICAL INC,internal,5050593.0,0.0,4180542.0,0.0,0.0980161722581485,0.1128916394982593,0.5137212518207392,0.5282117658469397
6505,TRANSOCEAN LTD,internal,,,,,,,,
3370,STATE STREET CORP,internal,16187964.0,0.0,7994758.0,0.0,0.0072625280047917,-0.0117192610822092,,
1379,REGIONS FINANCIAL CORP,internal,6381475.0,0.0,9668729.0,0.0,0.0085539631311197,-0.0077898920295275,,
1593,GOODYEAR TIRE & RUBBER CO,internal,12223070.0,0.0,,,,-0.0239923224568138,-0.5147400178759516,-0.7108750153400187
1294,EQT CORP,internal,,,,,,,0.0706150856754808,-0.0497447771406265
3553,ANDEAVOR,external,8810598.0,0.0,,,,-0.0173482032218091,,
537,BRISTOL-MYERS SQUIBB CO,internal,14911947.0,0.0,18221434.0,0.0,0.0734246761174794,0.341485390655168,,
959,CMS ENERGY CORP,internal,,,,,,,0.614905356140131,0.4146838282419056
697,CATERPILLAR INC,internal,,,,,0.0630834461626166,,0.1942038253440206,0.0173435783033228
8661,GAMESTOP CORP,internal,5875380.0,0.0,,,0.0643005209776125,0.0761406978386777,,
5819,BIOGEN INC,internal,9407601.0,1.0,,,0.0752650875558188,0.1198804867671804,2.67199753190078,2.4651916387201918
4871,DEVON ENERGY CORP,external,10587770.0,2.0,,,0.113012410680707,-0.0752877577671819,-0.497707871241005,-0.704513764421594
4579,CELGENE CORP,internal,,,,,0.0509379632733219,,,
3017,QUESTAR CORP,internal,,,5507039.0,0.0,0.0587901328976792,0.1165816931467868,,
8877,MASTERCARD INC,external,8344951.0,0.0,10331575.0,0.0,0.1676824150779303,0.1655539210139187,1.2121038349201418,0.9552376590959932
2807,PAYCHEX INC,internal,3329388.0,0.0,,,,0.1020798652966726,0.4201183987447094,0.1632522229205608
477,BLOCK H & R INC,external,5673640.0,0.0,,,,0.0906153341535251,0.5165644005299406,0.2134605857439064
3477,TECO ENERGY INC,internal,5072801.0,0.0,,,,0.0296280905879908,,
1713,HP INC,external,30412776.0,0.0,,,0.0640954372590024,0.0667253199069678,-0.3548287907347495,-0.671446257720021
3167,HILLSHIRE BRANDS CO,internal,,,,,,,,
8707,LORILLARD INC,external,,,,,,,,
9121,WESTERN UNION CO,internal,,,,,,,-0.3254327571375873,-0.6036071390728851
1082,DTE ENERGY CO,internal,7389279.0,0.0,,,0.0394875965839772,0.0213688946015424,,
3949,WILMINGTON TRUST CORP,external,2547590.0,1.0,,,0.0099407654006015,0.0055848860083647,,
4804,OFFICE DEPOT INC,external,6816935.0,0.0,,,-0.3024199105748346,-0.1305335865228035,,
55,AETNA INC,internal,,,,,,,,
3252,SIGMA-ALDRICH CORP,internal,3915529.0,99.0,3625268.0,1.0,0.1216898102875024,0.1146349520977865,,
3304,SOUTHERN CO,internal,9754242.0,0.0,,,,,,
2859,PFIZER INC,internal,25013348.0,0.0,,,0.0732716738042969,0.0442788722860922,1.3208975915636936,0.2833549130408967
5656,CEPHALON INC,internal,,,11149392.0,0.0,,,,
8578,MASSEY ENERGY CO,internal,,,,,0.0256231793132406,,,
7253,SANDISK CORP,internal,12167844.0,0.0,4079099.0,0.0,,,,
3936,WILLIAMS COS INC,internal,6256635.0,0.0,,,0.0380681381219718,0.0114127823161941,2.8148620047827877,1.768518262350944
2345,MERCK & CO,internal,13347652.0,0.0,24572871.0,0.0,0.0695193831579322,0.1219406131535909,1.0101209023407836,0.0264763331564374
8078,REPUBLIC SERVICES INC,internal,14461336.0,0.0,,,0.0037768099773289,0.0253322620430597,0.5380921503607499,-0.4455524188235962
4830,CINCINNATI FINANCIAL CORP,internal,1456823.0,0.0,,,0.0297091412742382,0.028618747929778,1.3264016102935092,0.3427570411091631
2453,MOTOROLA SOLUTIONS INC,internal,10325173.0,0.0,8472266.0,1.0,-0.1522838996734723,0.0247487977479766,2.835697974412343,1.8610686455937269
2672,OCCIDENTAL PETROLEUM CORP,internal,,,,,0.16508173435732,0.0863976197741837,,
45,ADVANCED MICRO DEVICES,external,7298328.0,0.0,5549838.0,0.0,,0.0950746871215179,0.6230159458509774,-0.4940180146240849
10384,CAREFUSION CORP,external,9966612.0,0.0,16300289.0,0.0,,0.0245414294750158,,
1444,FLUOR CORP,internal,,,,,0.11147347281898,0.0469469067223469,1.0899444120666346,-0.0696189245149958
2007,SEARS HOLDINGS CORP,external,9932924.0,1.0,5320870.0,0.0,0.0021364076104482,0.0054597701149425,,
8253,REYNOLDS AMERICAN INC,internal,8652292.0,0.0,,,,,,
2331,CVS HEALTH CORP,internal,,,,,0.0524606299212598,,2.080460919175539,0.4272119654657431
7261,LEXMARK INTL INC -CL A,internal,3397490.0,0.0,,,0.0716117106910738,0.0934836403629364,,
8879,HOSPIRA INC,external,8781551.0,0.0,7839219.0,0.0,,,,
8882,ALPHABET INC,internal,,,,,,,,
3519,ALLEGHENY TECHNOLOGIES INC,internal,10172331.0,0.0,,,0.1356944178016497,0.015733487626847,0.7647768613805823,-0.5599259790327453
7360,IRON MOUNTAIN INC,internal,7408656.0,0.0,1420217.0,0.0,0.0119817422183742,,0.3197818061856428,-0.7946080284572907
2324,MEDTRONIC PLC,external,,,,,,,1.0815954542039885,-0.0684090379901434
2759,PG&E CORP,external,9949634.0,0.0,,,,,,
3284,KEYCORP,internal,6272426.0,0.0,,,-0.0157363834189115,0.0062397927577856,,
7974,QUANTA SERVICES INC,internal,3310876.0,0.0,2776586.0,0.0,,,0.5339130558314098,-0.6126819070016363
8462,METLIFE INC,internal,13669011.0,0.0,,,0.0059501514887431,0.0033495515092448,,
478,BLOCK H & R INC,external,,,,,-0.0575863822787823,0.0909082286741005,1.3602173166965152,0.2959771302692773
1707,HERSHEY CO,internal,,,,,0.084735339647475,,2.0864147762910306,1.0221745898637926
6275,COMPUWARE CORP,internal,,,,,0.0693613798070356,0.0495682197959159,,
3435,SUNTRUST BANKS INC,internal,,,,,,,,
7137,DISH NETWORK CORP,external,,,,,,,,
2767,SEMPRA ENERGY,internal,12203902.0,0.0,10218288.0,0.0,0.0390361952861952,0.0234527471800469,,
9173,COVIDIEN PLC,internal,,,,,,,,
2569,NEWELL BRANDS INC,external,,,11904601.0,0.0,-0.0081414716916514,0.047525523868266,1.885307183447736,0.8054443250082537
649,CAMPBELL SOUP CO,internal,8708442.0,1.0,,,0.1923712021136063,0.1229962110171961,0.6159435865224838,-0.3392049553536123
419,VERIZON COMMUNICATIONS INC,internal,14049100.0,99.0,18166006.0,0.0,-0.0096647525197547,0.0110604397273291,1.166018443973714,0.2459182923339531
7959,VERISIGN INC,internal,5856877.0,0.0,4564800.0,0.0,-0.1515097905223339,0.4476761131334855,2.0764526809509944,1.1563525293112336
2618,XCEL ENERGY INC,internal,,,,,,0.0256238654245493,,
245,APPLE INC,internal,4174992.0,0.0,,,0.1691686710348069,0.1204165986371175,3.4109600657279824,2.4721356768026648
1714,HP INC,external,15362142.0,0.0,,,0.0734926895553732,,-0.1944151679717261,-1.0597842360811234
5724,AES CORP,internal,,,7868720.0,0.0,0.0354536574153881,0.0002221618819579,-0.01488329784223,-0.880674080995122
413,BECTON DICKINSON & CO,internal,9183033.0,1.0,,,,,0.8221885584221611,-0.0436022247307308
1497,TEGNA INC,internal,5529291.0,0.0,6392684.0,0.0,-0.9299333056536034,0.0862864105442342,,
125,BEAM INC,internal,7998980.0,0.0,11238540.0,0.0,0.0251483355698187,0.0650844923783336,,
6097,BOSTON SCIENTIFIC CORP,internal,7059474.0,0.0,,,,,0.1269685020892601,-0.5915329698235394
9131,FIRST SOLAR INC,external,11767359.0,0.0,,,0.1647338238507223,0.1516301125718341,-0.6355653102203445,-1.476870006749838
227,NABORS INDUSTRIES LTD,internal,19734569.0,0.0,,,0.0452311816266727,0.0081307207298561,,
1801,ITT INC,internal,4773322.0,0.0,,,,,1.751594365717252,0.8165203021821172
307,AUTOMATIC DATA PROCESSING,internal,6337755.0,1.0,,,0.0520636712956721,0.0450968275122663,1.5795811129177362,0.7206868639743824
142,AMERICAN ELECTRIC POWER CO,internal,7286490.0,0.0,9026114.0,0.0,0.0286051129312484,0.0232464622867319,1.3080018045482356,0.4512321478510537
2829,PPL CORP,internal,11374189.0,0.0,,,0.0419580419580419,0.021993997373851,,
14,AMERICAN AIRLINES GROUP INC,internal,,,,,,,,
3174,SCANA CORP,internal,,,4997410.0,0.0,,,,
1026,CUMMINS INC,internal,13159687.0,0.0,9111727.0,0.0,0.0886254255194271,,2.4513212369141937,1.6049397936163532
2268,MATTEL INC,internal,17261771.0,0.0,,,0.0794125368288828,0.1207522412396559,0.8435002912520646,-0.0028811520457758
10467,AVALONBAY COMMUNITIES INC,internal,3832343.0,0.0,4317909.0,0.0,0.0551768295585513,0.0207794029748691,1.3720944534096189,0.5257130101117784
2172,RANGE RESOURCES CORP,internal,7573775.0,0.0,7961843.0,0.0,-0.0097737291884157,-0.0409301561722154,0.0297713040627467,-0.7874556088756786
6644,COSTCO WHOLESALE CORP,internal,4810773.0,0.0,3335865.0,0.0,0.0494108012193457,0.0547134159143397,1.709765722501925,0.8925388095634996
330,BAKER HUGHES INC,internal,,,,,,,,
1881,INTL BUSINESS MACHINES CORP,internal,16184727.0,99.0,31798918.0,0.0,,,0.3328783268175594,-0.4843485861208658
6682,URBAN OUTFITTERS INC,internal,4123161.0,0.0,2513118.0,0.0,0.122549421201669,0.1030769342052769,0.0848609981603278,-0.697916463882273
2372,MICRON TECHNOLOGY INC,internal,,,,,-0.1280882052678146,0.0116554997208263,2.191929935087245,1.3603026730335313
3407,STRYKER CORP,internal,8436919.0,0.0,9542856.0,0.0,0.1220372616029103,0.1107360447884077,0.9398331870221032,-0.0052715593661178
2399,3M CO,internal,,,,,,0.1354693825910931,1.3852252970564911,0.4711794797131052
3426,SUNOCO INC,internal,,,8217113.0,0.0,-0.0276586801176965,,,
2784,PALL CORP,external,,,,,0.0652234653635688,0.0976037737716927,,
1242,EL PASO ELECTRIC CO,external,,,4361803.0,0.0,0.0283042804235175,0.0387924542440194,,
3697,UNION PACIFIC CORP,internal,17809887.0,0.0,,,0.0438637207575194,0.0698152821665641,2.9424272905991318,2.0490437192837705
920,DXC TECHNOLOGY COMPANY,external,,,,,,,0.3460595297335656,-0.4551905569596131
6629,MARRIOTT INTL INC,internal,9158620.0,0.0,10094513.0,0.0,-0.0385171991539574,0.0312204351939451,1.912618754685934,1.144330103290225
443,BEST BUY CO INC,external,19550692.0,0.0,5029500.0,0.0,0.0719593487050595,-0.0769134645423305,-0.015769055210946,-0.7666334776175435
319,AVON PRODUCTS,external,13037613.0,99.0,13166884.0,99.0,0.091713808365331,0.0663994828700711,,
1977,JOHNSON & JOHNSON,internal,16910960.0,0.0,26797939.0,0.0,0.0478021165585855,0.0851078807504135,0.8378434260757657,0.0906466469875206
8860,GENWORTH FINANCIAL INC,external,11986064.0,0.0,,,-0.0040927087503892,0.0003353572437164,-0.4786477079688706,-1.2322534354632926
8757,CME GROUP INC,internal,4149354.0,0.0,,,0.0235632495484518,0.0466328042981535,0.7063715635490648,-0.0472341639453572
7668,QUEST DIAGNOSTICS INC,external,,,,,0.0854998399320796,0.0507324429125377,0.356659590552058,-0.3969461369423641
4082,ANADARKO PETROLEUM CORP,internal,,,23170041.0,0.0,-0.0026183595492542,-0.0503717507463538,,
2874,ALTRIA GROUP INC,internal,20139967.0,0.0,11842304.0,0.0,0.085717341318646,0.0959551643126043,2.180176683090394,1.31312117456177
195,AMGEN INC,internal,,,18850311.0,0.0,0.1058961504852136,0.0678293859810674,2.3554496866917085,1.3752326604274625
2879,CONOCOPHILLIPS,internal,,,27713594.0,0.0,0.0290131328136297,0.081159041963062,1.0327487766110344,0.0604779866580333
9031,LEIDOS HOLDINGS INC,external,5367811.0,0.0,5153040.0,0.0,0.0797043226739514,0.0100425531914893,0.1709298052154741,-0.698128566730825
2461,MURPHY OIL CORP,internal,6266192.0,1.0,13748097.0,0.0,0.0588496240807523,0.0617269647265191,0.0296929579576008,-0.8657347125279851
2299,MCDONALD'S CORP,internal,9496664.0,0.0,8750893.0,0.0,0.1505712177707784,0.1668116605385284,0.7003547429998473,-0.3012850835381031
4391,AIRGAS INC,internal,4302807.0,1.0,4613352.0,1.0,0.0435663177353843,0.0588984106071042,,
7526,E TRADE FINANCIAL CORP,external,,,,,,,,
3650,TYCO INTERNATIONAL PLC,internal,,,,,,,,
3800,VARIAN MEDICAL SYSTEMS INC,internal,6443998.0,1.0,2178078.0,0.0,0.1372756408049736,0.1596370548219287,,
7402,DEAN FOODS CO,internal,3717190.0,0.0,8635960.0,0.0,0.0306361304859381,-0.2765420003534832,,
2127,LEGG MASON INC,internal,,,,,,,,
1816,ILLINOIS TOOL WORKS,internal,9206453.0,0.0,12499367.0,0.0,,,1.0479013710903828,0.3232376104770478
889,CITIGROUP INC,internal,,,14857103.0,0.0,-0.0008391234242923,0.0059351302650349,,
9271,VISA INC,external,24251851.0,0.0,11824090.0,0.0,0.0704322318007662,0.0912203533851498,3.169997765550991,2.4143449355054383
6098,BOSTON SCIENTIFIC CORP,internal,10851430.0,0.0,4689079.0,0.0,,,1.8924050933752008,1.136752263329648
9482,CBRE GROUP INC,internal,5541213.0,0.0,5350398.0,0.0,0.0065099203993776,0.0306243311067409,0.945805060626153,0.1835672680188023
6588,BORGWARNER INC,internal,8146556.0,0.0,,,0.0056116722783389,0.0923203437048971,0.3824122161519154,-0.3609608687027801
6615,KEURIG DR PEPPER INC,external,8536822.0,1.0,7634396.0,1.0,0.0632406563354603,0.0678763440860215,1.8035887950089304,1.1300332736522314
8377,AKAMAI TECHNOLOGIES INC,internal,,,11876747.0,0.0,0.0620200146556516,0.0772521395801858,0.1243358636276108,-0.5008827343808311
1521,GENERAL DYNAMICS CORP,internal,,,,,0.0770344627859832,0.0724134965455952,1.2286915912744658,0.6034729932660239
8579,GARMIN LTD,internal,1499017.0,99.0,,,0.1764866041164413,0.1080893539987765,0.4959900309153908,-0.129228567093051
6382,HUMANA INC,internal,8848066.0,0.0,7306861.0,0.0,0.0645842389616841,0.0710245758045948,2.438321438445953,1.8131028404375111
3123,RYDER SYSTEM INC,internal,4362587.0,0.0,6404342.0,0.0,0.0177635833463362,0.0222867783300635,0.2021602625356537,-0.4048750077774301
3905,WEYERHAEUSER CO,external,4186797.0,0.0,,,0.0951426024955436,0.0261991451638435,0.7727970476627755,0.1657617773496915
2910,PITNEY BOWES INC,external,3396037.0,0.0,,,0.0346255570360241,0.0757913486804636,0.2038307991020331,-0.4032044712110507
2658,NUCOR CORP,internal,8139044.0,0.0,8507443.0,0.0,0.0096317243826457,0.0534090121376631,0.0784870609002783,-0.5285482094128056
2380,ENTERGY CORP,internal,7665652.0,0.0,12341866.0,0.0,0.0323182908143139,0.0311657644272547,0.2085457932136127,-0.3984894770994711
8204,BOOKING HOLDINGS INC,external,,,,,0.0263910054497086,,2.064856904017251,1.4578216337041672
7534,STERICYCLE INC,internal,,,,,0.0787711967648633,0.0738886842991542,,
3889,WESTERN DIGITAL CORP,external,11290562.0,1.0,17220878.0,0.0,0.1702389751170239,0.0511051668309165,0.890842267980879,0.283806997667795
2164,LOCKHEED MARTIN CORP,internal,25155799.0,0.0,27549444.0,0.0,0.075920649994724,0.0686809633442843,2.771210043135272,2.164174772822188
7361,IRON MOUNTAIN INC,external,6840413.0,0.0,7408656.0,0.0,,,0.6798132596097748,0.1516261059956871
3201,SEALED AIR CORP,external,11963159.0,0.0,5616033.0,0.0,,,,
6476,JABIL INC,internal,6539114.0,0.0,9232503.0,0.0,0.0239219942362785,0.0431173741211418,0.0682775285286569,-0.4461560695194588
2575,NEWMONT MINING CORP,internal,,,10084181.0,1.0,0.0887269609944277,0.0609339600311094,,
203,ANALOG DEVICES,internal,6090567.0,0.0,12726600.0,0.0,0.1349248290190587,0.1020466173071649,0.7410859239516145,0.1863113187964846
5069,ELECTRONIC ARTS INC,internal,13975381.0,0.0,9383652.0,0.0,-0.0502640684756874,,2.355183971338527,1.8013090251703712
6350,CHESAPEAKE ENERGY CORP,external,,,,,,,,
3816,VORNADO REALTY TRUST,internal,8644461.0,0.0,7709646.0,0.0,0.0315771373577182,0.0279745583161859,,
9327,MEAD JOHNSON NUTRITION CO,internal,8369158.0,0.0,9341911.0,0.0,0.1974183419824691,0.178135166656436,,
4109,BIG LOTS INC,external,,,,,,,,
9280,PHILIP MORRIS INTERNATIONAL,internal,14124869.0,0.0,30304091.0,0.0,0.2045480162308386,0.2305596311045902,0.8055047337073467,0.2774982619290729
3152,SAFEWAY INC,internal,,,,,0.0389355760788481,0.0406972777512451,,
1856,INTEL CORP,internal,11197400.0,0.0,18338100.0,0.0,0.1611946174721241,0.1191558933714459,0.4997673106209945,-0.0547318188451397
6533,FLIR SYSTEMS INC,internal,,,,,0.1154550200687353,0.0949056461259243,,
2963,PROCTER & GAMBLE CO,external,18286621.0,99.0,15928015.0,99.0,0.0993664762974752,0.0813345028885998,0.4008579562405825,-0.153785042046558
5318,SLM CORP,internal,1238000.0,0.0,7029199.0,0.0,0.0027412138922651,0.0203256588606871,-0.0033976402290227,-0.5638051147945307
6570,PETSMART INC,internal,,,,,0.0942842296087707,,,
5025,EOG RESOURCES INC,internal,,,16724459.0,0.0,0.0074293502109415,0.020861389454086,0.6735504998917814,0.1037983354120024
1178,DUKE ENERGY CORP,internal,8305351.0,0.0,8815181.0,2.0,0.0223388052123878,0.0155283867341202,,
2236,MARATHON OIL CORP,external,11498067.0,0.0,,,0.0818590417901884,0.044413250982594,,
8288,JUNIPER NETWORKS INC,external,30165992.0,0.0,,,0.0619403433562371,0.0180612047259345,,
8633,ROCKWELL COLLINS,internal,,,,,,,,
2462,MURPHY OIL CORP,internal,12778568.0,0.0,13748097.0,1.0,0.0560717898996711,0.0554485786103119,-0.2115752219116671,-1.005691930634815
5662,UNITED STATES STEEL CORP,internal,,,10219189.0,1.0,-0.0299881789336153,-0.0094346800578254,,
249,APPLIED MATERIALS INC,internal,16425005.0,0.0,9220058.0,0.0,0.0676718851453719,0.0090509009383044,2.032934650383235,1.230523507912706
1981,JOHNSON CONTROLS INTL PLC,internal,8998307.0,0.0,,,0.0417497967930244,0.0381722604124545,1.3588458123547351,0.5564346698842064
9457,XYLEM INC,external,8227869.0,0.0,6200459.0,0.0,0.0747727272727272,0.0634751015174182,1.275604386552618,0.432115571845505
1458,FOREST LABORATORIES -CL A,external,,,8533667.0,0.0,0.1397229354136647,,,
1185,DUN & BRADSTREET CORP,external,,,,,,,,
2305,S&P GLOBAL INC,internal,6498116.0,0.0,10843131.0,0.0,0.1250755287009063,0.0721003134796238,2.3343426102589966,1.6009808872388016
832,CLEVELAND-CLIFFS INC,external,13150538.0,0.0,5640070.0,99.0,0.1311228819006968,-0.0662546317099941,-0.8770628301191296,-1.6719049791952303
4396,JOY GLOBAL INC,internal,,,,,0.1410874857421844,0.1240570822676032,,
2077,KROGER CO,internal,,,,,0.0475379110581018,0.0511253030975718,2.0402513566943354,1.2871387579099725
1771,CENTERPOINT ENERGY INC,internal,4897291.0,0.0,7902835.0,0.0,0.0219780219780219,0.0182326964277906,0.5361510586777185,-0.2169615401066444
9425,WPX ENERGY INC,external,2901959.0,0.0,6212702.0,0.0,-0.1311192362380662,-0.026456281883972,,
8009,NIELSEN HOLDINGS PLC,internal,,,,,,,,
9146,TIME WARNER CABLE INC,internal,34615597.0,0.0,14177563.0,0.0,0.0334276937902788,0.0446419323431317,,
8992,CF INDUSTRIES HOLDINGS INC,internal,4375099.0,0.0,8350294.0,0.0,,,0.1384074094472449,-0.614705189337118
8538,TAPESTRY INC,internal,,,2619075.0,99.0,0.3342547348959211,0.3346657771538446,-0.3217255541123239,-1.074838152896687
6740,EASTMAN CHEMICAL CO,internal,,,,,0.0551665243381725,0.0368932038834951,1.076068167273328,0.3229555684889649
1739,HOME DEPOT INC,internal,,,11047781.0,0.0,0.0945136792912082,0.1348069894357382,2.476855964696876,1.7164263234314276
1537,GENERAL MOTORS CO,internal,,,,,0.0635533149381409,0.0321600664136051,0.7461988778453339,-0.0120855496437215
2709,ONEOK INC,internal,,,4497627.0,0.0,0.0263271964245232,0.0150650301983957,0.8505564365809468,0.1141554202538417
3831,WALMART INC,internal,,,18131738.0,1.0,0.0811712149571368,0.0836956254154255,0.2216381394785995,-0.4999594163308933
4129,MICROSOFT CORP,internal,18294270.0,0.0,7668952.0,0.0,0.1908947728640812,0.1268273157601633,1.4221895800888529,0.7132193146211236
2256,MASCO CORP,internal,4752001.0,99.0,9218460.0,0.0,-0.078799506646567,0.0418300653594771,2.540617106814896,1.8097173821758727
7612,NATIONAL OILWELL VARCO INC,internal,,,12287581.0,0.0,0.0781501077797374,0.0668447661725841,-0.4266514090202478,-1.1594441752925335
1313,EXPEDITORS INTL WASH INC,internal,5559286.0,0.0,,,0.1345316616593886,0.115604555109904,0.3717387113173829,-0.37193166000881
5929,QUALCOMM INC,internal,,,20448940.0,99.0,0.1169622755477458,0.1505624395816855,0.0330196844817498,-0.7137132862425077
1697,HELMERICH & PAYNE,internal,3706695.0,0.0,5247600.0,1.0,0.0758922477117539,0.1096026215154356,0.3554333082210514,-0.3912996625032061
3034,RAYTHEON CO,internal,20377815.0,0.0,,,0.0699243048789627,0.0720161639486217,,
1683,WELLTOWER INC,external,10967246.0,0.0,19843772.0,0.0,,,0.7490738045873708,0.0494329082802325
2753,PACCAR INC,internal,7545233.0,1.0,7826825.0,0.0,0.0606951731527366,0.0565149212322983,0.7649145721355408,0.0627354844705696
8254,REYNOLDS AMERICAN INC,external,,,10452206.0,0.0,0.0849187654768375,0.1130560673861542,,
4916,VALERO ENERGY CORP,internal,,,,,0.046990579400589,0.059714599341383,2.269185540150984,1.5702979376315678
3100,ROSS STORES INC,internal,,,,,0.1790380271571566,0.1786298073333233,1.1845410491000314,0.485653446580615
1058,TARGET CORP,external,16946337.0,0.0,,,,,0.1841319076010741,-0.5677118080254826
8231,CNX RESOURCES CORPORATION,internal,7762606.0,0.0,15170492.0,0.0,0.0486626217129108,0.0592434383587633,-0.5152553450362936,-1.2670990606628505
482,ENSCO PLC,external,,,,,,,,
67,AIR PRODUCTS & CHEMICALS INC,external,,,,,0.0856641032279734,0.0559195909804208,1.2091260793808631,0.4343973005524113
3819,VULCAN MATERIALS CO,internal,,,,,-0.0086007315324511,0.0029614554104315,2.240407774107028,1.4656789952785765
1454,FORD MOTOR CO,internal,18576946.0,0.0,,,0.1139492406390583,0.059113568475401,,
6368,ALLERGAN PLC,external,,,,,,,,
434,BEMIS CO INC,internal,,,7751359.0,0.0,0.0426117952041477,0.0517829306313328,,
1887,INTL FLAVORS & FRAGRANCES,external,,,8197618.0,1.0,0.0822089389660254,0.1011680522723351,1.5025640035555572,0.7398195788015243
165,AMERICAN INTERNATIONAL GROUP,internal,12497975.0,0.0,14834562.0,0.0,0.0375879686420612,0.0176208975893215,0.8568213319126297,0.0940769071585967
3722,UNITED PARCEL SERVICE INC,internal,11292243.0,0.0,12147349.0,1.0,0.1096222010893057,0.1229713385649593,0.7918170181674256,0.0290725934133926
1047,DANAHER CORP,internal,10595548.0,99.0,19705455.0,0.0,0.0725320956944189,0.0777279780342753,2.369148427756515,1.64676059269375
8302,HUDSON CITY BANCORP INC,internal,,,,,,,,
6124,D R HORTON INC,internal,7192720.0,0.0,10432813.0,0.0,,,1.0261362741287083,0.2820188870548821
7080,DARDEN RESTAURANTS INC,internal,,,,,0.0801285286497762,0.0581557880469312,0.973213839040904,0.2003392282638312
2589,NOBLE ENERGY INC,internal,,,14019636.0,0.0,0.0258060840833997,0.0434319211297628,,
1906,INTL PAPER CO,internal,16842422.0,0.0,12680910.0,0.0,0.041115914533636,0.048633384465207,0.4284880184571709,-0.395143827392066
8289,JUNIPER NETWORKS INC,internal,9421603.0,0.0,8699303.0,0.0,0.0432359312862969,0.0531069625908662,,
837,CLOROX CO/DE,internal,8933992.0,1.0,,,0.1278989667049368,0.1343353687177078,1.0648992419227965,0.2043132945961328
7548,ABERCROMBIE & FITCH -CL A,internal,,,,,,,,
4393,KRAFT FOODS GROUP INC,external,,,9190257.0,0.0,0.0765779369256654,,,
4705,FASTENAL CO,internal,,,,,0.197115702333696,0.1901723621954455,0.3253359883173947,-0.5493162089808454
7847,YUM BRANDS INC,internal,,,10007393.0,0.0,0.1493094860765225,0.1309095272378209,0.8949760026229763,0.0203238053247361
985,MOLSON COORS BREWING CO,internal,,,,,0.0417154982050554,0.0405791088761883,1.1794301563121308,0.3047779590138906
8842,ASSURANT INC,internal,,,,,0.0199466599792404,0.0164533776543984,,
7138,DISH NETWORK CORP,internal,,,,,,,,
3157,ST JUDE MEDICAL INC,internal,8438241.0,0.0,10171096.0,0.0,0.0733801717408274,0.0709310310997743,,
4324,UNUM GROUP,internal,8277205.0,0.0,10087589.0,0.0,0.0150563265525995,0.0135628068444936,,
257,ARCHER-DANIELS-MIDLAND CO,internal,9428950.0,0.0,17022941.0,0.0,0.0279530078624977,0.0305020796872514,0.5898795898454683,-0.2383298349987217
1503,GAP INC,internal,,,,,,,,
8115,EBAY INC,internal,14509427.0,0.0,38687906.0,0.0,0.0628856536829926,0.0632810422759904,0.6732647577499351,-0.1549446670942549
9057,FIDELITY NATIONAL INFO SVCS,internal,12950336.0,0.0,14144081.0,1.0,0.0330370126288493,0.0339588857133018,1.8468602756183536,1.0186508507741638
2690,FIRSTENERGY CORP,internal,4791069.0,1.0,15563530.0,0.0,0.0152493365548381,0.007774075836903,-0.0815264583527586,-0.9097358831969486
3839,WALGREENS BOOTS ALLIANCE INC,external,10140368.0,0.0,16732555.0,0.0,,0.0280887441481783,,
2269,MATTEL INC,external,,,,,0.1205759464913024,0.076337120702638,-0.4166782360961174,-1.3057837836776802
2300,MCDONALD'S CORP,internal,15355746.0,0.0,7288578.0,0.0,0.154431774829384,0.1390055920110788,1.20880084796862,0.2937839737734244
2800,PARKER-HANNIFIN CORP,internal,10786328.0,0.0,15005720.0,0.0,0.103114943740901,0.0785115026114617,1.3623613562016643,0.4974156471847477
6506,TRANSOCEAN LTD,external,9103067.0,0.0,,,-0.0067289375038407,-0.0695773901857667,-0.8058213726668023,-1.5904896648752054
1760,STARWOOD HOTELS&RESORTS WRLD,internal,,,,,,,,
8181,APTIV PLC,internal,,,12018049.0,1.0,0.0974925319091156,0.1128372170717447,1.781880737057564,1.01816712357197
8395,AGILENT TECHNOLOGIES INC,internal,7207852.0,99.0,,,,,1.4147789066776282,0.6416907982735891
4597,TIFFANY & CO,internal,,,1000000.0,99.0,0.0875686581231058,0.0945407685098406,,
7347,ALEXION PHARMACEUTICALS INC,internal,14719786.0,99.0,20570703.0,99.0,0.0768069166071876,0.0501641597312361,,
8476,FRONTIER COMMUNICATIONS CORP,internal,,,,,0.0082135271808142,,,
934,CONAGRA BRANDS INC,external,9945810.0,0.0,,,0.0408935578881129,0.0157524101551334,0.5558016257404541,-0.1104513636964459
8256,F5 NETWORKS INC,external,5594292.0,0.0,8143742.0,0.0,0.1233711445676724,0.1345778427446384,1.1973961366831176,0.4885066054331175
4210,HARLEY-DAVIDSON INC,internal,9350303.0,0.0,,,0.0680340686657493,0.0887581482302721,-0.1416273213076434,-0.7991760596143352
538,BRISTOL-MYERS SQUIBB CO,internal,15640437.0,1.0,27062382.0,0.0,0.0545080371544579,0.0596801572411328,,
2600,NORFOLK SOUTHERN CORP,internal,8425074.0,0.0,13536017.0,0.0,,,1.2318128707727505,0.5647885453380477
7288,NETAPP INC,internal,9514323.0,0.0,8580575.0,0.0,0.0538497118053084,0.067865120731837,1.0009351948874907,0.3339108694527879
2012,KINDER MORGAN INC,internal,287711.0,0.0,,,0.0041896654917869,0.0121991819651859,-0.1809708438076241,-0.847995169242327
1123,DOLLAR GENERAL CORP,internal,8593288.0,0.0,9764152.0,0.0,,,0.7364315394123642,0.0694072139776613
500,BOEING CO,internal,20865820.0,0.0,28861920.0,0.0,0.0420879962876228,0.0576857893398864,,
2614,NISOURCE INC,internal,4334158.0,0.0,8282039.0,0.0,0.0190480986234647,0.0215536523273877,1.7084257690565132,1.0251827271612457
4706,FASTENAL CO,external,,,,,0.2025914064276437,0.1951263237118661,0.3804909490126651,-0.2719894138900787
5336,CISCO SYSTEMS INC,internal,16034571.0,0.0,16488184.0,0.0,0.0794635886590704,0.0692669330440228,0.9887642121669696,0.3114433121840934
4872,DEVON ENERGY CORP,internal,8771358.0,0.0,21611030.0,0.0,-0.0047546507870562,0.0317789906660338,-0.1232967212423878,-0.793961698250969
8921,MOSAIC CO,internal,,,14820237.0,0.0,0.0987112611230438,0.0591506368785761,-0.1723359880582341,-0.8361421628793321
8679,PRINCIPAL FINANCIAL GRP INC,internal,8970708.0,0.0,,,0.0038743194963864,0.0052323169775217,0.541727949577518,-0.1897580116621964
2750,PPG INDUSTRIES INC,internal,12468674.0,0.0,21628081.0,0.0,0.0592643909812318,0.1230967439681424,0.5134918404568674,-0.2559758196243238
3668,UNITED CONTINENTAL HLDGS INC,external,18720548.0,0.0,12762226.0,0.0,-0.019640334673476,0.0277036783240743,1.8256525415711944,1.1078426351026236
7279,WATERS CORP,external,7631015.0,0.0,3626999.0,99.0,,,0.867203534106777,0.1493936276382061
3698,UNION PACIFIC CORP,internal,11643138.0,0.0,28144047.0,0.0,0.0792865617019565,0.0948717948717948,1.339636847273832,0.6067238230676792
7136,CAMERON INTERNATIONAL CORP,internal,,,10264287.0,0.0,0.0673059688116149,,,
7298,CITRIX SYSTEMS INC,external,22273969.0,0.0,7883614.0,0.0,0.0676381730803727,0.0460397288202304,,
2964,PROCTER & GAMBLE CO,internal,,,18286621.0,99.0,0.0813345028885998,0.0807050864375528,0.2837702194229019,-0.2718087265596478
1370,FIFTH THIRD BANCORP,internal,7555081.0,0.0,7427396.0,0.0,0.0129292664118004,0.0106800317300064,,
7758,RALPH LAUREN CORP,external,,,24537936.0,0.0,,0.1270881100556829,-0.1462761875865385,-0.6865294645066103
1715,HP INC,internal,28696267.0,0.0,19612164.0,0.0,,0.0469021912015119,1.1053455194503985,0.5726841365548967
8480,NRG ENERGY INC,internal,8263571.0,0.0,10335269.0,0.0,0.0087015515308831,0.0040751779088863,0.5179470910722168,-0.0364467363173783
2736,OWENS-ILLINOIS INC,internal,6938506.0,0.0,8935196.0,1.0,0.0214003256571295,0.0209103659314037,-0.5217998849525909,-0.8780563055217914
4123,PRICE (T. ROWE) GROUP,internal,,,,,0.1755578073155709,0.2407722884724588,0.2759042751160858,-0.0803521454531146
2124,LEGGETT & PLATT INC,internal,,,8041307.0,99.0,0.0762542628037727,0.0312509965241238,0.3503982351316215,-0.0058581854375789
3238,SHERWIN-WILLIAMS CO,internal,9647808.0,0.0,10896734.0,0.0,0.1012126092888922,0.1519277782154508,1.2335487664667446,0.8772923458975441
8257,F5 NETWORKS INC,external,4792978.0,0.0,2681217.0,0.0,0.1233711445676724,0.1345778427446384,0.7678846995793673,0.4116282790101668
8104,CROWN CASTLE INTL CORP,internal,,,,,0.0042619223246198,0.0178015957174752,0.8217391676249952,0.4533562571224359
7975,QUANTA SERVICES INC,internal,6421510.0,0.0,6188025.0,0.0,,,-0.0367477709025475,-0.4051306814051069
5908,KIMCO REALTY CORP,internal,9039830.0,99.0,7397734.0,99.0,0.0230261952560079,0.0373761114849203,-0.1162537813904333,-0.4846366918929926
1730,HOLLYFRONTIER CORP,internal,,,,,,,,
8758,CME GROUP INC,internal,9748332.0,0.0,4918001.0,0.0,0.0135213139262058,0.0167326312289004,2.0029279677482146,1.6345450572456552
900002,FASTENAL CO,internal,,,,,,,,
406,BAXTER INTERNATIONAL INC,external,5813945.0,0.0,17883684.0,0.0,0.0797653028861401,0.0955314102073609,0.901352167297494,0.5329692567949347
782,CHURCH & DWIGHT INC,internal,6410309.0,0.0,,,0.0976801264956458,0.0941457148100568,1.1784795768257128,0.8100966663231535
8687,ADVANCE AUTO PARTS INC,external,,,,,0.0492012542013308,0.0569327866768538,0.4472888121209124,0.0771701121039876
3320,SOUTHWESTERN ENERGY CO,internal,8687476.0,0.0,635000.0,99.0,0.0874751491053678,-0.5634429878802869,,
4018,TJX COMPANIES INC,internal,,,28692391.0,0.0,0.2116722605330518,0.1982221554613573,0.826544617883074,0.3095944781958033
2286,MCCORMICK & CO INC,internal,9048299.0,0.0,8330147.0,0.0,0.0874216239297031,0.0897911729195546,1.1656358643337774,0.6118465857132618
4580,CELGENE CORP,internal,13115985.0,99.0,,,0.0836154347437442,0.0570390942106387,,
5943,GILEAD SCIENCES INC,internal,,,,,0.0887087468266789,0.3178124506379767,-0.1336313092681637,-0.5949107906912589
3275,SMUCKER (JM) CO,internal,,,7241597.0,1.0,0.0603051827883113,0.0205220661299631,0.3582558614224373,-0.162380308815123
5920,PERRIGO CO PLC,internal,8322228.0,0.0,10707590.0,0.0,0.082800876913564,,-0.6529705495331576,-1.2111705073877386
8205,BOOKING HOLDINGS INC,internal,27774458.0,0.0,15006258.0,0.0,,,0.63899913597805,0.0663915505930543
2673,OCCIDENTAL PETROLEUM CORP,internal,12675860.0,0.0,6794616.0,0.0,0.0850049681033365,-0.1803543044069202,,
311,AVERY DENNISON CORP,internal,9838787.0,99.0,8565339.0,0.0,,,1.550578177807008,0.9984409267335757
9531,WEC ENERGY GROUP INC,internal,,,,,0.0400603744322587,,0.8980370859305364,0.345899834857104
1073,DELTA AIR LINES INC,internal,13205703.0,0.0,15842450.0,0.0,0.2022877322278519,0.0851808634772462,0.6817623684108662,0.1308304883740154
2609,EVERSOURCE ENERGY,internal,9045607.0,0.0,9684836.0,0.0,0.0266872451928752,0.0276416940063936,0.8207127203608933,0.2577571532258174
6129,EXPRESS SCRIPTS HOLDING CO,internal,,,14835587.0,0.0,0.0343192249801389,0.0478578565230583,,
9205,TERADATA CORP,external,10604646.0,0.0,6372683.0,0.0,0.1203703703703703,-0.0886862826357231,-0.1179636309381785,-0.6809191980732544
192,AMETEK INC,internal,7784073.0,0.0,,,0.0805173616480892,0.0832116782153356,0.7070187725956472,0.1440632054605712
107,SKYWORKS SOLUTIONS INC,internal,8701858.0,0.0,10158055.0,0.0,0.0935167126235792,0.207060227213778,1.0561029120488263,0.5368980691659602
1220,EATON CORP PLC,internal,15178141.0,0.0,15649592.0,0.0,,,0.2002024588276501,-0.2294614322867227
4973,STAPLES INC,internal,,,,,,,,
9132,FIRST SOLAR INC,internal,,,4527719.0,0.0,0.0521824832082054,0.0869539860687465,-0.0757106309915336,-0.5764325049943797
960,CMS ENERGY CORP,internal,6862295.0,99.0,,,,,0.3016528054876064,-0.2005516817774146
2023,KANSAS CITY SOUTHERN,internal,,,7900510.0,0.0,0.044054962138308,0.054834136660051,,
3084,ROCKWELL AUTOMATION,internal,6278528.0,0.0,8608468.0,0.0,0.129401498819423,0.1292176058207254,0.4565063966497749,-0.0456980906152462
8505,ILLUMINA INC,internal,,,9217607.0,0.0,0.0375214094932387,0.1252711496746203,1.1221073806215085,0.6100046955190859
3365,STANLEY BLACK & DECKER INC,internal,16211415.0,0.0,,,0.029652073467956,0.0618332801022037,0.9094171356884186,0.3657147862584187
9043,VIACOM INC,internal,20315158.0,0.0,93021795.0,1.0,0.1039180804443094,0.0853918606717611,,
7707,CARMAX INC,internal,6538392.0,0.0,11696098.0,0.0,0.0370955988716987,0.0413113192743717,0.6052428115788853,0.1436790352248045
1609,GRAINGER (W W) INC,internal,6966359.0,0.0,7527587.0,0.0,0.1513456814691375,0.1312782798188043,0.2289438605565832,-0.2326199157974975
2994,PULTEGROUP INC,internal,5771847.0,0.0,7927490.0,0.0,0.2999854708126487,0.0537673490538996,1.008169654321308,0.519960623872586
7527,E TRADE FINANCIAL CORP,internal,,,,,,,,
7554,ENDO INTERNATIONAL PLC,external,,,,,,,,
9126,HANESBRANDS INC,internal,9581985.0,0.0,11943657.0,0.0,0.0634565577734926,0.061879552354238,,
1755,HORMEL FOODS CORP,internal,6353255.0,1.0,,,0.1070430929965743,0.1117437922965632,0.666098137764298,0.1609025355255671
4778,WASTE MANAGEMENT INC,internal,,,,,,0.0369715716600383,1.538931645901596,1.0254540766381204
4735,PIONEER NATURAL RESOURCES CO,internal,10934244.0,0.0,13122449.0,0.0,-0.0562076598028036,-0.0165866699070417,,
9272,VISA INC,external,19493946.0,1.0,11841368.0,0.0,0.12911924084109,0.0988209572889825,1.959801096997524,1.4301824716201856
7348,ALEXION PHARMACEUTICALS INC,external,551780.0,99.0,20570703.0,99.0,0.060184980254462,0.0108953996363169,,
1320,EXXON MOBIL CORP,internal,,,,,0.0939424696085442,0.0479572868350566,-0.0882953476503384,-0.6574731525640763
8763,NASDAQ INC,internal,14460580.0,0.0,,,0.0306455464459126,0.036084647162971,1.45046228180352,0.8812844768897821
3659,TYSON FOODS INC -CL A,internal,,,,,0.0638909419397224,0.0531150681353128,1.42850445160304,0.8593266466893021
8890,EXTRA SPACE STORAGE INC,external,,,3232797.0,0.0,0.0392689435180889,0.0267186692248661,1.1247248318294925,0.5555470269157545
4000,XEROX CORP,internal,,,,,,,,
2140,LILLY (ELI) & CO,internal,,,,,0.1290308365190759,0.0620627275749306,1.1581944974756686,0.5890166925619307
3788,VF CORP,internal,13736655.0,0.0,13155197.0,0.0,0.1189975218498774,0.1264561769254772,0.5894996348900394,0.0203218299763014
8255,REYNOLDS AMERICAN INC,internal,,,,,0.028214971209213,,,
698,CATERPILLAR INC,internal,14035209.0,0.0,15468856.0,0.0,,,0.8805320083010519,0.3108205585182602
1295,EQT CORP,internal,,,,,0.0321523598019933,0.0060940148704523,-0.7372462146493592,-1.306957664432151
1362,MACY'S INC,internal,,,,,0.0741640746500777,0.0540023172636139,-0.6676088833307237,-1.2373203331135154
2242,HOST HOTELS & RESORTS INC,internal,,,,,0.0628002745367192,0.0489130434782608,-0.0153333119084122,-0.585044761691204
5820,BIOGEN INC,external,,,16874386.0,1.0,0.1504655264345187,0.1565493856912136,-0.1308829780122965,-0.751907567444264
4598,TIFFANY & CO,external,,,,,0.0945407685098406,0.0815822680638613,,
302,AUTODESK INC,internal,,,,,0.0466016253538912,-0.0688814322335924,2.6102196364834347,1.984360965223272
2270,MATTEL INC,external,,,,,0.076337120702638,0.050471604681787,-0.4136499761273237,-1.0395086473874868
1708,HERSHEY CO,internal,,,12679576.0,0.0,0.1584680404859617,0.1296506165410393,0.5840003517867658,0.1887825975799204
617,CSX CORP,external,13770601.0,0.0,13580104.0,0.0,0.0554612174413584,0.0479588125017487,1.2402816873803904,0.8052276124823572
102,HONEYWELL INTERNATIONAL INC,internal,19246604.0,0.0,21261501.0,0.0,0.0932652746914259,0.0881867829784114,0.4695918340063942,0.2197235034115248
1197,FLOWSERVE CORP,external,8702469.0,0.0,,,0.1059664162676196,0.0281285126131814,-0.5654750090005156,-0.8153433395953851
8258,F5 NETWORKS INC,external,,,4792978.0,0.0,0.1345778427446384,0.1477313244678252,-0.0671857271385131,-0.2666381060306827
6146,STARBUCKS CORP,internal,13382480.0,0.0,,,0.1665633079097637,0.1968698689956332,0.5027607506756842,0.306651051559726
6466,ARCONIC INC,external,,,,,,,,
850,COCA-COLA CO,internal,16384123.0,0.0,16028941.0,99.0,0.0788701720076447,0.0742582142532083,0.3680180277473721,-0.0284892620775907
7759,RALPH LAUREN CORP,external,23792036.0,0.0,,,0.1270881100556829,0.0701344656758669,-0.3937900760324329,-0.7364468777485007
2373,MICRON TECHNOLOGY INC,external,16944751.0,1.0,,,0.1261235140620469,-0.0078107312655648,0.7141279319176175,0.3295998313456678
166,AMERICAN INTERNATIONAL GROUP,external,,,9576535.0,0.0,0.0151537108376506,-0.0017037894766416,-0.5235203417135876,-0.8683413631976393
1455,FORD MOTOR CO,internal,,,22102498.0,0.0,,,,
8815,LKQ CORP,internal,,,,,0.0696744311589723,0.0558790654059959,-0.0468589414352325,-0.4884779394844012
1498,TEGNA INC,internal,,,11016789.0,0.0,0.1248737649539299,0.0880062231528289,,
1644,HALLIBURTON CO,internal,16999898.0,0.0,20560157.0,2.0,0.0947431108223702,-0.2297388877815427,-0.7119475267601558,-1.158974376182664
6237,PATTERSON COMPANIES INC,external,,,,,0.0681137887199991,0.0533605023841811,,
1532,GENERAL MILLS INC,internal,7973615.0,0.0,,,0.0835654085745694,0.0778174082869534,0.3382750189414973,-0.1087518304810108
6534,FLIR SYSTEMS INC,external,7959846.0,0.0,5737770.0,0.0,0.0832201628989361,0.059296960241649,,
1559,GENUINE PARTS CO,internal,5300329.0,0.0,9225845.0,0.0,0.1044923793102485,0.077571844594442,0.1284465694881567,-0.3742798375559717
7299,CITRIX SYSTEMS INC,internal,19258102.0,0.0,22273969.0,0.0,0.0460397288202304,0.0921126783794854,,
4371,CERNER CORP,external,,,,,0.0944686284606356,0.0983851294210465,,
8648,ZIMMER BIOMET HOLDINGS INC,external,9710434.0,0.0,11492363.0,0.0,0.0265200326944176,0.0117590528177135,0.156665706530249,-0.3603089033575621
1524,GENERAL ELECTRIC CO,internal,16643290.0,0.0,,,0.0232945066069661,0.0208842677418815,-0.7202265088032613,-1.2750595667032207
4970,SIGNET JEWELERS LTD,external,,,7400585.0,0.0,0.0592182546706789,0.0709175785868016,-0.8974874504715288,-1.4566188570624088
8386,EXPEDIA GROUP INC,internal,13089562.0,0.0,,,0.0257074360659125,0.0152300712896954,-0.0820119550766416,-0.8607592875855599
3713,UNITEDHEALTH GROUP INC,internal,18107356.0,0.0,17765612.0,0.0,0.0651100811123986,0.0571370409575767,2.005099343933455,1.1624001003503506
7059,DOLLAR TREE INC,internal,7734904.0,1.0,,,0.0376826906145448,0.0548711794670846,0.3284320913503502,-0.3668789718283594
1289,EQUIFAX INC,external,,,,,0.0816172386982117,0.0675754140514834,0.7406289129576302,-0.012220758735592
3916,WHIRLPOOL CORP,internal,11836275.0,0.0,,,0.0324967503249675,0.0463634939696131,,
8791,SEAGATE TECHNOLOGY PLC,internal,9332073.0,0.0,10420845.0,0.0,0.159471813103098,0.0267587397496763,0.5638666370664898,-0.1934704023739697
4608,DENTSPLY SIRONA INC,external,11338542.0,0.0,,,0.0733380272093393,0.0414381415971854,-0.1160498635088443,-0.8319915385513094
3963,WEC ENERGY GROUP INC,external,,,,,,,1.2103598767102817,0.4585432165864311
8611,MONDELEZ INTERNATIONAL INC,external,,,16742076.0,0.0,0.0327088107112369,0.0265827724124475,0.4332349905512767,-0.2877919616476065
9053,CHIPOTLE MEXICAN GRILL INC,external,,,13837891.0,1.0,0.1634360415490854,0.011212831648166,1.239271965775342,0.4904098417878417
7139,DISH NETWORK CORP,internal,5320917.0,0.0,1656833.0,0.0,,,,
1397,M & T BANK CORP,internal,,,3501407.0,99.0,0.0086836417834189,0.0110892599017684,,
618,CSX CORP,external,13770601.0,0.0,9209561.0,1.0,0.0554612174413584,0.0479588125017487,2.7034054030992687,1.9180485170176995
8041,L3 TECHNOLOGIES INC,internal,,,,,0.0484954718083552,0.0598398651495996,,
3175,SCANA CORP,internal,,,,,,,,
3202,SEALED AIR CORP,external,,,,,0.0348548278190411,0.092115978258811,,
767,CHEVRON CORP,internal,,,24781568.0,0.0,0.0176370165873314,-0.001958188537702,0.1788389949203763,-0.6873828232568102
2629,NORTHERN TRUST CORP,internal,,,11850683.0,0.0,0.0083409279346567,0.008331524471281,0.1653799606065322,-0.7008418575706543
3464,SYSCO CORP,internal,,,15100280.0,0.0,,,1.079392685971428,0.2131708677942414
660,CARDINAL HEALTH INC,internal,8423580.0,0.0,10985177.0,0.0,0.0403092031053015,0.0418205263466385,-0.2825951217933454,-1.148816939970532
5921,PERRIGO CO PLC,external,,,8322228.0,0.0,,0.0102848101265822,-0.673522958647014,-1.6775595309869828
8517,EQUINIX INC,internal,16575596.0,0.0,12681869.0,0.0,0.0148928041536848,0.0115083312430679,1.6433928329024128,0.6241245488444589
5487,XILINX INC,internal,,,,,0.116203624403337,0.0900698225008289,,
6308,HEWLETT PACKARD ENTERPRISE,internal,13714497.0,0.0,35564351.0,1.0,0.0309058257669944,0.006198980051538,,
146,AMERICAN EXPRESS CO,internal,23796002.0,0.0,18611373.0,0.0,0.0320683229813664,0.0151823204419889,1.3048551957123251,0.3589445964897086
8761,WYNN RESORTS LTD,internal,,,34522695.0,0.0,0.0186716733152254,0.0589178660749917,1.1967519190240457,0.0996620747337755
1186,DUN & BRADSTREET CORP,external,,,,,,,,
1296,EQT CORP,internal,,,,,0.0060940148704523,0.0728007314583455,-0.4380714176432789,-1.4068599349334492
8731,TRANSDIGM GROUP INC,internal,13135200.0,0.0,61023102.0,0.0,0.0416931242778831,0.0489353240308008,2.531277981116413,1.5919163217168315
479,BLOCK H & R INC,external,8504020.0,0.0,,,0.1663595255029019,0.1301979115229187,0.1708321581695411,-0.8511169328804133
2132,LENNAR CORP,internal,18250329.0,99.0,19127533.0,0.0,0.055681091499024,0.0432370514772072,1.3502174716063655,0.3480104342621049
2271,MATTEL INC,external,,,,,0.0568875452470466,-0.2013237308439404,-0.2960656258431416,-1.298083226331867
2834,PENTAIR PLC,internal,,,,,-0.0064562470951113,0.0771974935427452,0.8074100330415994,-0.2013868321881216
980,COOPER COMPANIES INC,internal,7724746.0,0.0,6557113.0,0.0,0.0456022408963585,0.0767489246094634,1.63931817301176,0.6305213077820389
1140,DOVER CORP,external,3331689.0,2.0,9953366.0,0.0,0.0859855450642453,0.0970221393820127,2.173497206642859,1.164700341413138
2768,SEMPRA ENERGY,internal,19806346.0,0.0,18025736.0,0.0,0.032782503037667,0.0068775518293891,0.1992459034195728,-0.8095509618101482
6461,O'REILLY AUTOMOTIVE INC,internal,,,,,0.1292603511651346,0.1420666553144056,1.1004526410198645,0.0444849051669145
4001,XEROX CORP,external,13137434.0,0.0,,,,0.0131101250504235,,
6102,KOHL'S CORP,internal,8983392.0,0.0,11339206.0,0.0,0.0495800795638721,0.0688908493062795,1.0930383682992375,0.0734268815712972
2875,ALTRIA GROUP INC,internal,15417616.0,0.0,,,0.1141034572846817,0.1843163418020519,0.0479572030882684,-0.9856837612004952
650,CAMPBELL SOUP CO,external,6895774.0,0.0,,,0.0849814980222023,0.0610503131667699,-0.0961045808536422,-1.1120108081904696
7922,AFFILIATED MANAGERS GRP INC,internal,,,,,,,,
2400,3M CO,internal,3380000.0,99.0,20494285.0,99.0,0.1469756409086762,0.127885855687472,0.394553257281288,-0.6070567243255676
3562,TEXAS INSTRUMENTS INC,internal,16546722.0,2.0,16546722.0,0.0,0.1817296573549996,0.2148567427204294,2.5448060063069478,1.5431960247000918
1857,INTEL CORP,internal,,,,,0.1007703371659004,0.0750295007150504,0.9601282184789572,-0.0623669878841033
1380,REGIONS FINANCIAL CORP,internal,,,,,0.0084307125619204,0.0100486919992362,,
2195,LOWE'S COMPANIES INC,external,11621369.0,0.0,11208658.0,0.0,0.0739944199023482,0.0998898806073953,1.7004163834961985,0.6165114054028673
3563,TEXAS INSTRUMENTS INC,internal,18633807.0,0.0,11057011.0,0.0,0.1817296573549996,0.2148567427204294,2.25604566058021,1.2591005591834676
420,VERIZON COMMUNICATIONS INC,internal,18095355.0,99.0,17937581.0,0.0,0.0732205749856663,0.1136620234188854,0.2778350158821496,-0.7468464842166498
6589,BORGWARNER INC,internal,13947029.0,0.0,14085523.0,0.0,0.062667607621736,0.044953003677973,0.6028562071930126,-0.4218252929057868
9962,SMITH (A.O.),internal,,,,,0.1075992697398448,0.0927315944204666,0.6326869508619233,-0.4513210551273861
5971,ROPER TECHNOLOGIES INC,internal,18812414.0,0.0,29158675.0,0.0,0.0684541713441639,0.0678801933446956,1.7539081673126633,0.669900161323354
3660,TYSON FOODS INC -CL A,internal,,,,,0.0531150681353128,0.0632081522126416,0.1938400609804356,-0.7927852210468143
9177,DISCOVER FINANCIAL SVCS,internal,,,,,,,,
8120,GOLDMAN SACHS GROUP INC,internal,24657737.0,0.0,21995266.0,0.0,0.007061800915956,0.0045997192518534,0.3268610805916161,-0.6891671155500538
1525,GENERAL ELECTRIC CO,external,,,,,-0.0124241742061488,-0.0272734286596029,-0.5105027461996305,-1.5265309423413005
2847,PEPSICO INC,internal,16870817.0,0.0,10160310.0,0.0,0.074186964212818,0.0625515145270966,0.6163075644355522,-0.3997206317061177
9534,PERRIGO CO PLC,external,10809791.0,0.0,5799896.0,1.0,,0.0102848101265822,-0.4645010010805483,-1.4940897637012118
6959,REALTY INCOME CORP,internal,7514361.0,0.0,10043345.0,0.0,0.0215744532125343,0.020890426600521,0.382534011987631,-0.7201559090974854
4142,COTY INC,external,,,,,0.0330462220706123,-0.0186564855812144,-0.3265861611238556,-1.4903650185813524
8615,PRUDENTIAL FINANCIAL INC,internal,,,,,0.0071967773948227,0.0096469294963181,0.2577408653019175,-0.8019921787429627
6819,MACERICH CO,internal,9355527.0,1.0,,,,,-0.6169097647564875,-1.6766428088013678
8010,NIELSEN HOLDINGS PLC,external,,,,,,,,
2103,LAM RESEARCH CORP,internal,,,11158881.0,0.0,0.05345402494962,0.1360443922414062,6.015413616409129,4.956897867765534
544,BROWN FORMAN CORP,internal,,,,,0.163519005498446,0.1344453376205787,1.1976880371902396,0.0867319373674875
3371,STATE STREET CORP,internal,13352256.0,0.0,,,0.0081582872541182,0.0088145349883072,0.4524396977514766,-0.6585164020712755
5944,GILEAD SCIENCES INC,external,,,,,0.3178124506379767,0.0726815861798194,0.1835027090339378,-0.9274533907888144
2633,NORTHROP GRUMMAN CORP,internal,20307994.0,0.0,18869057.0,0.0,0.0776918872491606,0.0761957878522295,0.7738652771755057,-0.3370908226472464
5482,HCA HEALTHCARE INC,internal,,,17268724.0,0.0,0.0650195455655998,0.0605580302243598,2.60233623807134,1.491380138248588
6585,EQUITY RESIDENTIAL,internal,,,,,0.0420263610944048,0.0295894780719369,0.6680061609286794,-0.4429499388940727
2860,PFIZER INC,internal,18230000.0,1597981.0,,,0.0419972409297019,0.1336578389431822,1.2773950749138754,0.1664389750911232
3906,WEYERHAEUSER CO,internal,,,,,0.0568691511157871,0.0337410864397936,0.6244745675423473,-0.4864815322804048
2068,KIMBERLY-CLARK CORP,internal,12028120.0,0.0,13010083.0,0.0,0.148335844404876,0.1503531120058082,0.467171831900957,-0.6437842679217951
3393,PUBLIC STORAGE,internal,4289200.0,0.0,9182000.0,0.0,0.1354319040944416,0.1319712086176494,,
6396,INTUIT INC,internal,,,,,0.2406588003933136,0.1918582002337358,4.839161029967113,3.728204930144361
9163,BROADRIDGE FINANCIAL SOLUTNS,internal,9149408.0,0.0,,,,0.1294822525493993,2.013457923998767,0.902501824176015
8619,ACCENTURE PLC,internal,,,,,0.1812213280892944,0.1362847718755497,2.4856854255059693,1.4272913843064703
2762,PG&E CORP,external,6174215.0,0.0,9289842.0,0.0,,,,
3964,WEC ENERGY GROUP INC,internal,,,,,,,0.9756379428526682,-0.0188521721591925
6468,HOWMET AEROSPACE INC,external,,,,,,,,
4736,PIONEER NATURAL RESOURCES CO,external,,,11936791.0,0.0,-0.0327001117449861,0.0512363788767812,,
654,CONSTELLATION BRANDS -CL A,internal,,,10843537.0,0.0,0.082172192835333,0.0787985563518806,0.4489720867396871,-0.3483283005088673
8067,COGNIZANT TECH SOLUTIONS,external,,,12478392.0,1.0,0.1020300900072268,0.1296593433720069,0.6282729542999779,-0.2891824413564905
2311,MCKESSON CORP,internal,15435470.0,0.0,,,0.0370352146172645,0.0011228046655047,1.1775355724361098,0.2600801767796414
7240,DAVITA INC,internal,73432365.0,0.0,,,0.046371305206093,0.0092074618600905,0.5910538614476366,-0.1389960230411495
861,COLGATE-PALMOLIVE CO,internal,14364118.0,0.0,11551328.0,0.0,0.2013528004619318,0.1973521914316257,0.2722865713636659,-0.4577633131251202
8463,METLIFE INC,internal,,,,,0.0011807326654553,0.0069186441456224,-0.0077628814402914,-0.7378127659290776
1445,FLUOR CORP,internal,11236632.0,0.0,12673601.0,0.0,0.0301683417505638,0.0217742496288908,-0.4805180164310979,-1.2105679009198842
8927,CELANESE CORP,external,7067446.0,0.0,,,0.0943594044873139,0.1273744195863233,0.8593684364289598,0.1293185519401736
7882,C H ROBINSON WORLDWIDE INC,internal,,,,,0.1392130394673403,0.1500888103478962,0.678913216114001,-0.0395890824535405
6121,BED BATH & BEYOND INC,external,,,,,,,,
7923,AFFILIATED MANAGERS GRP INC,internal,,,,,,,,
8628,ALLIANCE DATA SYSTEMS CORP,internal,,,,,,,,
444,BEST BUY CO INC,internal,11440663.0,0.0,,,0.0663510614690435,0.1134795752267266,0.4503726212179249,-0.1553227508337764
1691,KRAFT HEINZ CO,external,,,1149136.0,0.0,0.0297322772146247,-0.1004632824051256,-0.4580627889923604,-1.061846149289829
2570,NEWELL BRANDS INC,external,2536217.0,0.0,15547207.0,0.0,0.015928535860331,-0.4438051400076716,-0.5405031501468884,-1.1062694459780853
2754,PACCAR INC,internal,8309718.0,0.0,13756112.0,1.0,0.0252775099448129,0.0861418076790255,0.517261573400204,-0.0447440385672921
7155,WABTEC CORP,external,,,,,0.0463282428341633,0.0155667697765015,-0.0846071456653327,-0.6594586541999172
1083,DTE ENERGY CO,internal,,,,,0.0270902905652133,0.0308641975308641,-0.223326450951935,-0.7981779594865195
1298,EQT CORP,external,,,,,,,,
7528,E TRADE FINANCIAL CORP,internal,,,,,,,,
8539,TAPESTRY INC,external,12548591.0,99.0,,,0.0941198111472193,0.0595211356183459,-0.0434206024425004,-0.6400436078518662
921,DXC TECHNOLOGY COMPANY,external,,,32185309.0,0.0,0.0324457083764219,0.059207411915872,-0.6213872025908331,-1.2678695250640186
8116,EBAY INC,external,34835839.0,0.0,18172166.0,0.0,0.2796120988224428,0.1392098602399031,0.0668866347958303,-0.4123817119083943
986,MOLSON COORS BREWING CO,internal,6940645.0,0.0,,,0.0526963093738531,0.038687031788162,-0.2409212165973983,-0.6957404385617961
1278,ATMOS ENERGY CORP,internal,9826659.0,0.0,,,0.0325690379433794,0.0451137932641557,0.3880675327464986,-0.0296666795671805
2576,NEWMONT MINING CORP,internal,12202285.0,0.0,11393772.0,0.0,-0.0298514546058563,0.0164615013275404,,
4881,LABORATORY CP OF AMER HLDGS,external,14735561.0,0.0,,,0.0426917771246926,0.0489682152673109,0.4675062367988796,-0.0360234906017877
2301,MCDONALD'S CORP,internal,10847032.0,0.0,15876116.0,0.0,0.151060956230519,0.1805572487443312,0.8452721975855344,0.3502889703266993
5719,IDEXX LABS INC,internal,,,,,0.1295919963394762,0.2057496009495354,1.258728838659967,0.7637456114011323
1716,HP INC,internal,12479815.0,0.0,19215534.0,0.0,0.0758362956886336,0.1591717213971972,0.4937253166339967,-0.0012579106248382
1068,DEERE & CO,internal,15588384.0,0.0,18525667.0,0.0,0.026311336717428,0.0337764591772693,2.146087343470492,1.6909113317086102
1504,GAP INC,internal,,,,,,,,
8629,ALLIANCE DATA SYSTEMS CORP,external,,,,,,,,
8883,ALPHABET INC,internal,7425547.0,0.0,1881066.0,0.0,0.0987252591297296,0.1113990482369187,,
8387,EXPEDIA GROUP INC,external,4200686.0,0.0,13089562.0,0.0,0.0152300712896954,0.0189577885692939,-0.1297988275012087,-0.6724366755147311
511,ROBERT HALF INTL INC,internal,6202656.0,0.0,9132451.0,0.0,0.1838808345479995,0.1878889404207305,0.509472225656749,0.0535579736386593
501,BOEING CO,external,,,,,0.0448016233246115,0.0782787652011225,,
881,COMERICA INC,internal,,,,,,,,
2659,NUCOR CORP,internal,11265538.0,0.0,15559469.0,0.0,0.0523053212798776,0.1317349073590665,1.252299852515084,0.8280526256897462
4623,ZOETIS INC,internal,,,11669400.0,0.0,0.0956207780107151,0.1236899090515374,1.1058379578651945,0.6815907310398566
7848,YUM BRANDS INC,internal,14631451.0,0.0,14007038.0,0.0,0.3093579363585012,0.2947811125979736,0.7151090568824907,0.2908618300571528
1731,HOLLYFRONTIER CORP,external,,,,,-0.0276030476296255,0.0998635603056445,,
1882,INTL BUSINESS MACHINES CORP,internal,,,,,0.0458932958932958,0.0707396540824431,0.2141844492391806,-0.2100627775861572
6660,REGENCY CENTERS CORP,internal,4944744.0,0.0,5619541.0,0.0,0.0160879325384436,0.0223788481990123,,
9029,UNDER ARMOUR INC,internal,7365232.0,0.0,5954169.0,0.0,-0.0113686101037874,-0.009559554795871,-0.3614889115395068,-0.7857361383648447
6801,TRACTOR SUPPLY CO,external,11117251.0,0.0,8655358.0,0.0,0.1369734563871723,0.0797765280071997,1.986981957895697,1.557395872046739
2587,NIKE INC -CL B,external,32920708.0,0.0,13968022.0,0.0,0.1881434149804756,0.1285495501244336,1.118742384176021,0.6783658559778227
414,BECTON DICKINSON & CO,internal,,,,,0.0291514284199925,0.0228282603865807,0.1256072922455673,-0.3008925226509864
3465,SYSCO CORP,external,,,,,,,0.4063735102319379,-0.0372788647746111
4211,HARLEY-DAVIDSON INC,external,,,,,0.0523188770271397,0.0402382790761423,0.069373964339521,-0.3903139106443658
1473,FRANKLIN RESOURCES INC,internal,9862161.0,0.0,8013482.0,0.0,0.1179615531685612,0.0551407687518734,0.0571767601983006,-0.482906056419734
1148,DUPONT DE NEMOURS INC,internal,15106986.0,0.0,11660634.0,0.0,0.0060393836597935,0.0071810696621436,-0.1856525369376116,-0.6873828842627165
1772,CENTERPOINT ENERGY INC,external,,,,,0.0788177339901477,0.0236323981954527,0.2831862205196884,-0.2185441268054164
1118,DISNEY (WALT) CO,internal,45899796.0,0.0,65645214.0,1.0,0.0910768981115235,0.0548452237421173,-0.0607801620959347,-0.4890575759620608
9416,MARATHON PETROLEUM CORP,external,,,,,0.0369270497094899,0.0309659691397167,1.2940953596184634,0.8184131404257331
3890,WESTERN DIGITAL CORP,external,17093364.0,0.0,12866469.0,0.0,0.0135796134769967,-0.0293819655521783,-0.5515010119565726,-1.035460569444326
4760,MGM RESORTS INTERNATIONAL,internal,13274524.0,0.0,14579720.0,99.0,0.0646145773620782,0.0561487794442921,0.2857235611362185,-0.203471487436287
5765,VERTEX PHARMACEUTICALS INC,internal,15198856.0,0.0,18799147.0,1.0,0.0421851269425149,0.1001378512227914,0.9970571846826004,0.4054610434564696
32,ABBOTT LABORATORIES,internal,,,,,0.006255737704918,0.0508215250592711,0.8475311797298788,0.255935038503748
5185,T-MOBILE US INC,internal,22610659.0,0.0,27756690.0,0.0,0.0625931445603576,0.0173259659675662,,
9266,AMERICAN WATER WORKS CO INC,internal,7398128.0,0.0,5918455.0,0.0,0.0218663381582999,0.0273785380477912,0.9638675571310352,0.3722714159049043
2876,ALTRIA GROUP INC,internal,,,15417616.0,0.0,0.1843163418020519,-0.0272704264563209,0.0105680324306474,-0.5345728277086268
6804,ALBEMARLE CORP,external,,,,,0.0070767144227697,0.0359550226362283,,
2325,MEDTRONIC PLC,internal,7979673.0,7977652.0,17796325.0,0.0,0.0440733973061394,0.0510646274630881,0.2496688406469629,-0.2711715529674854
3285,KEYCORP,internal,8653484.0,0.0,9663988.0,0.0,0.0092828031773545,0.0100800770242344,-0.0914634323795916,-0.6614009193957119
3670,UNITED CONTINENTAL HLDGS INC,internal,,,12643005.0,0.0,0.0437132832898172,0.050530664338013,-0.3215355912290816,-0.8553682392947366
2830,PPL CORP,internal,8995389.0,0.0,9843348.0,0.0,0.0399956217162872,0.0192680191660719,,
1324,FMC CORP,internal,8489671.0,0.0,11536552.0,0.0,0.0537180554023841,0.046866410115448,0.5080524439739584,-0.0370170122902451
3723,UNITED PARCEL SERVICE INC,external,,,,,0.107627155834467,0.076740930224519,0.6634475574945682,0.1198986042043095
2165,LOCKHEED MARTIN CORP,external,,,,,0.0437427578215527,0.1228554525734569,0.6669212163540164,0.0746977128710295
3317,AT&T INC,internal,24820879.0,0.0,32032925.0,0.0,0.0553712979257855,0.0264435741715342,-0.0387422364241351,-0.670884982285659
4307,FISERV INC,external,20385208.0,0.0,,,0.1106375421772331,0.0119674613704284,0.6878512862124464,0.0557085403509225
8540,TAPESTRY INC,internal,13739426.0,99.0,4626860.0,99.0,0.1013443994787022,0.0935541564276678,0.005870025943957,-0.6126685687385085
7060,DOLLAR TREE INC,internal,10249698.0,0.0,9398842.0,1.0,0.1269738986164192,0.0399594124468496,0.7450253595277048,0.1264867648452392
838,CLOROX CO/DE,internal,7899309.0,0.0,9362715.0,0.0,0.1396244583533943,0.1532910561994314,0.2080017057256045,-0.3769754914282042
9127,HANESBRANDS INC,external,11031249.0,0.0,3956325.0,0.0,0.010207039280267,0.0778148120945606,,
4144,COTY INC,external,3557753.0,1.0,,,-0.0186564855812144,-0.2262086939888097,0.0292751698003492,-0.5296501199076271
1048,DANAHER CORP,internal,17152267.0,99.0,18193200.0,99.0,0.0534228251222973,0.0484520472922908,1.6138343270132682,1.0549090373052918
10105,WATERS CORP,external,8653559.0,0.0,,,,,0.4915542121869793,-0.067371077520997
1126,DOMINION ENERGY INC,internal,8161083.0,0.0,,,0.0384911569166003,0.0141598456806214,-0.2145897978286102,-0.6807952063890548
1457,FORD MOTOR CO,internal,,,,,,,,
3661,TYSON FOODS INC  -CL A,external,,,,,0.0632081522126416,0.0601494623002612,-0.056007329318464,-0.5017211300554983
1684,WELLTOWER INC,internal,12753710.0,0.0,13142124.0,0.0,,,0.5839762196991862,0.1082920947154202
2691,FIRSTENERGY CORP,internal,,,9073076.0,0.0,-0.0407979743001159,0.0205109751709247,0.152774512666149,-0.4060972780342768
961,CMS ENERGY CORP,internal,6871068.0,0.0,,,,,0.031671066967686,-0.6149312437836809
4923,IDEX CORP,internal,6719772.0,0.0,,,0.0992040893886037,0.1115655890296022,0.7615473519631453,-0.0920666570144606
8528,MOODY'S CORP,internal,,,,,0.1050808314087759,0.1145942461116931,1.9162235895978963,1.0135050813853403
1927,INTERPUBLIC GROUP OF COS,internal,,,,,,,,
1232,ECOLAB INC,internal,,,16905180.0,0.0,,,0.4444803978802998,-0.4558275755112193
9981,UNIVERSAL HEALTH SVCS INC,internal,14020942.0,0.0,13246214.0,0.0,0.0692118755703263,0.0698351509438004,0.3295866062048647,-0.5707213671866544
8878,MASTERCARD INC,internal,16120055.0,0.0,27774448.0,0.0,,,1.311103768270235,0.4107957948787155
8916,LAS VEGAS SANDS CORP,internal,,,11344715.0,0.0,0.1070208896970772,-0.0840021935290891,-0.0644470420688846,-0.9056494703289616
9931,CVS HEALTH CORP,internal,21317055.0,0.0,23043822.0,0.0,-0.0026702749843784,0.0308112910355838,0.3030439624503525,-0.4889199913040465
2884,PVH CORP,internal,,,16408935.0,0.0,0.0629146050557583,-0.0854628201752736,0.1137855070588016,-0.6989377542016031
3714,UNITEDHEALTH GROUP INC,internal,,,17872713.0,0.0,0.0787407782106279,0.078073283355889,1.049950472414729,0.2301903921070023
1262,EMERSON ELECTRIC CO,internal,15178106.0,0.0,16483085.0,0.0,0.1080431584109857,0.0858753605454068,0.5974556015265577,-0.2080052403301167
1858,INTEL CORP,external,,,,,0.1542073188596876,0.1240989038395306,-0.0225226680804047,-0.8346461021139726
6630,MARRIOTT INTL INC,internal,18686271.0,0.0,8926356.0,0.0,0.0761247056005748,-0.0104488709740539,1.0406481664792842,0.2399280299805963
890,CITIGROUP INC,internal,,,22984090.0,0.0,0.0092483540543615,0.0048880530973451,,
167,AMERICAN INTERNATIONAL GROUP,internal,,,19000000.0,99.0,-1.1427178401109196e-05,-0.009971280564726,0.9373559690043368,0.1050991269555372
3840,WALGREENS BOOTS ALLIANCE INC,external,17287489.0,0.0,17483187.0,0.0,0.0743217254948371,0.0056098911238235,,
6412,MICROCHIP TECHNOLOGY INC,internal,,,,,0.0139182561307901,0.0346263077408549,,
74,ALASKA AIR GROUP INC,internal,5130162.0,1.0,5528316.0,1.0,0.0336334949588239,-0.09490359114042,-0.233254598895586,-1.0658329090298588
7913,METTLER-TOLEDO INTL INC,external,,,,,0.1957391936222314,0.214151183724284,0.8228359258829954,-0.0060523328974382
5331,SYNCHRONY FINANCIAL,internal,,,12449138.0,99.0,0.026615534314006,0.0144650541003467,0.0036116294137444,-0.8252766293666891
10156,IPG PHOTONICS CORP,internal,,,,,0.1479716059999209,0.0503295968510096,-0.4628196081539812,-1.211444518312225
2610,EVERSOURCE ENERGY,internal,,,,,0.0253020414034023,0.0250078858134216,-0.0233851558463923,-0.7720100660046362
9281,PHILIP MORRIS INTERNATIONAL,internal,138300.0,99.0,,,0.1845131195335277,0.1951077742794865,0.5152105371326563,-0.2334143730255875
802,CINTAS CORP,internal,,,,,0.1210922802891661,0.1142177490275277,2.184117810255879,1.2664598910018543
9224,ULTA BEAUTY INC,internal,,,,,0.1353980943577462,0.0369061739210923,0.1950695373374622,-0.7279058710395472
3662,TYSON FOODS INC  -CL A,internal,,,,,0.1024597233242488,0.0598154167634084,-0.1597613008743224,-1.0827367092513318
8079,REPUBLIC SERVICES INC,internal,,,12937163.0,0.0,0.0479667854003793,0.0412749423913971,1.425897074389411,0.5511670000136251
2710,ONEOK INC,external,8139024.0,0.0,,,0.0631704576064366,,0.669545836872101,-0.1866490812523709
2346,MERCK & CO,internal,18650093.0,0.0,22088429.0,0.0,0.0736993021078948,0.0668628304350294,0.7820331434126566,-0.0600289200410246
1827,TRANE TECHNOLOGIES PLC,internal,,,28107486.0,99.0,0.0652732977752619,0.0473371798137299,2.593326800749005,1.746336182479832
10114,AMAZON.COM INC,internal,,,,,0.0619312871968914,0.0664113700400068,1.0339593286921325,0.172278119416289
6108,STERIS PLC,internal,5903168.0,0.0,,,0.0573449494398954,0.0620063576217767,0.6203851082812881,-0.188153239351102
2619,XCEL ENERGY INC,internal,,,16805589.0,0.0,0.0249960355217253,0.0254619626281308,,
4373,CERNER CORP,external,,,,,,,,
5026,EOG RESOURCES INC,internal,,,7891608.0,0.0,0.1007541770059556,-0.0158227848101265,1.171041923992382,0.2294553242134516
1675,HASBRO INC,internal,,,,,0.0418838120094516,0.0205668120979072,-0.2690614943229358,-1.236316188711938
8402,TELEDYNE TECHNOLOGIES INC,internal,,,,,0.0728852788331368,0.0790394902454373,0.391549567528864,-0.5496657486348335
10358,CORTEVA INC,external,14762075.0,0.0,10749544.0,0.0,-0.0466034246386279,0.0160825618741734,1.4865383082683596,0.6185995787778293
2965,PROCTER & GAMBLE CO,internal,,,,,0.0824106161778378,0.1079287489643744,0.5086639168389391,-0.3592748126515912
5236,TWITTER INC,internal,,,,,,,,
9122,WESTERN UNION CO,external,,,,,0.0972655135011703,0.0843542811809372,-0.4538369312043762,-1.391098170687623
4537,CADENCE DESIGN SYSTEMS INC,internal,,,9604640.0,0.0,0.1029948841677278,0.1346565749393737,3.4417899050711505,2.545758340631893
2125,LEGGETT & PLATT INC,internal,,,,,,,,
4124,PRICE (T. ROWE) GROUP,internal,,,,,0.1969368944525422,0.1896794308098169,0.1393202673828317,-0.6811781353179358
8843,ASSURANT INC,internal,8372281.0,0.0,11855966.0,0.0,0.0056670399537605,0.0129950531535409,-0.0264210288939471,-0.8469194315947147
4722,FIRST REPUBLIC BANK,internal,,,,,,,,
3694,AMEREN CORP,internal,,,,,,,0.3525029826356272,-0.4528685680823876
1978,JOHNSON & JOHNSON,internal,28397240.0,0.0,26741959.0,0.0,0.0864466476837398,0.1114218318052279,0.1381650876288704,-0.6631915214150599
6464,ROYAL CARIBBEAN CRUISES LTD,internal,17216276.0,0.0,,,0.0578739004337168,-0.155731880625296,0.7407397427148052,-0.0962758949338311
6824,AVALONBAY COMMUNITIES INC,external,9479687.0,0.0,14371460.0,0.0,,,0.2347636839104654,-0.602251953738171
8762,WYNN RESORTS LTD,internal,16152634.0,0.0,12928747.0,0.0,0.0088661602342278,-0.0603141405043849,-0.2702890888067368,-1.1430196093365994
3312,SOUTHWEST AIRLINES,internal,,,5819756.0,0.0,0.0664970510003469,0.0276230597415816,-0.4127763177333929,-1.2720187522684276
3965,WEC ENERGY GROUP INC,internal,9230552.0,0.0,,,,,0.1551157269614056,-0.704126707573629
10167,AMERICAN WATER WORKS CO INC,internal,,,7398128.0,0.0,0.0273785380477912,0.0484372003835091,-0.0017726892479874,-0.8610151237830221
2615,NISOURCE INC,external,9216680.0,0.0,9535782.0,0.0,0.016906592291194,0.0242125438280574,0.5612612318401089,-0.2477152786814569
1888,INTL FLAVORS & FRAGRANCES,external,10747653.0,0.0,9767380.0,0.0,,,-0.2735549636273772,-1.0825314741489431
6046,LINDE PLC,internal,19200255.0,0.0,,,0.0258985140940053,0.0480303296592934,1.5344505235773456,0.6075712823446995
1740,HOME DEPOT INC,internal,,,,,0.1592779926609144,0.2149650075217476,0.9456511386280686,0.0187718973954225
1327,NEXTERA ENERGY INC,internal,,,,,0.0320245388347452,0.0253562507096627,,
16,AMERICAN AIRLINES GROUP INC,internal,,,,,0.0271900399948393,-0.030796093701712,-0.1222313225929834,-1.2935040996375935
10061,STARBUCKS CORP,external,,,20425163.0,0.0,0.187267164769298,0.150090784319332,0.449829736617201,-0.4550838447227878
8677,CENTENE CORP,internal,18556966.0,0.0,,,0.0192232133762132,0.0175230909327435,0.0295926639092609,-0.8739311129066096
4610,DENTSPLY SIRONA INC,external,8518987.0,0.0,,,0.027379679144385,0.0537746958000785,-0.6635140027880734,-1.534715195697275
5303,KEYSIGHT TECHNOLOGIES INC,internal,10750924.0,0.0,18566410.0,0.0,,,0.4937481457700852,-0.4184214821037078
2601,NORFOLK SOUTHERN CORP,internal,,,,,0.071703282229598,0.0772791564870772,0.4546155142517187,-0.5251493553581372
4239,NVR INC,internal,,,,,0.1520715869666328,0.2184640343629973,1.298064516129032,0.3282202808537393
9324,VERISK ANALYTICS INC,internal,10366566.0,0.0,,,0.0594964161972017,0.0957032652885319,1.017467200638467,0.0003508835881458
2150,LINCOLN NATIONAL CORP,internal,11680000.0,99.0,13731000.0,99.0,0.0024211090100232,0.0113001785655533,0.2577497439425045,-0.6926082010796362
7081,DARDEN RESTAURANTS INC,internal,12004427.0,1.0,10128186.0,0.0,0.071726606408542,0.0620868604352887,2.2175725819508765,1.2755332337624097
10067,MATCH GROUP INC,external,16080272.0,0.0,25397675.0,0.0,,,-0.6697044431115611,-1.6043288959237807
1336,FEDEX CORP,internal,13249823.0,0.0,14325537.0,0.0,0.0099259232027645,0.0631938823586261,0.8362147148710772,-0.0984097379411423
10152,UNDER ARMOUR INC,external,11300000.0,0.0,15544913.0,0.0,0.0183156059243498,-0.1100247305563413,-0.2372881336363231,-1.171912586448543
3366,STANLEY BLACK & DECKER INC,internal,13877644.0,0.0,13167893.0,0.0,0.0405579153282441,0.0676673356487323,-0.4195396241982504,-1.408720637447705
5302,CATALENT INC,internal,,,,,,,,
10375,PHILLIPS 66,internal,,,,,0.0523841961852861,0.0236896067920998,1.1226800377736676,0.1334990245242129
1371,FIFTH THIRD BANCORP,internal,,,,,0.0122728161031854,0.0133524863582901,0.2739267604698323,-0.7008855360569308
10316,KEURIG DR PEPPER INC,internal,25916701.0,0.0,7772521.0,0.0,0.025191345748207,0.0413990007137758,0.1864764653966544,-0.7687106725721271
1027,CUMMINS INC,internal,,,,,,,1.1308798649327114,0.2374813861347398
661,CARDINAL HEALTH INC,internal,,,12482378.0,0.0,0.0332739301320704,0.0137448541155827,2.449673312305303,1.6178329129133409
9584,PAYCHEX INC,internal,,,9627247.0,0.0,,,0.7361107127938467,-0.1684288989739351
7669,QUEST DIAGNOSTICS INC,internal,12673834.0,0.0,14557818.0,0.0,0.061172108940539,0.1554101425566721,0.5547973765051895,-0.5115785404953761
1124,DOLLAR GENERAL CORP,internal,,,,,0.0662173722202356,0.0824949875989255,-0.4921735068720109,-1.5585494238725763
9883,LUMEN TECHNOLOGIES INC,external,,,22654781.0,0.0,-0.0887126645789136,0.0445716039638691,0.3977214844546506,-0.4974481549447298
6103,KOHL'S CORP,external,,,,,,,,
10213,KEURIG DR PEPPER INC,internal,25916701.0,0.0,7772521.0,0.0,0.025191345748207,0.0413990007137758,0.0326457270778042,-0.8944089359273235
2868,EXELON CORP,internal,,,,,,,0.7414297688509743,-0.1064175645627789
