transition_id,coname,ticker,classification,price_source,window_start,window_end,tsr_raw,mkt_return,tsr_mktadj,tsr_pre_raw,tsr_pre_mktadj,tsr_post_raw,tsr_post_mktadj,status
1323,FMC CORP,FMC,external,yfinance,2008-01-01,2013-01-01,1.259351894391322,-0.014490514026200496,1.2738424084175226,0.052603976761979476,0.2820603262679109,1.1063982502736143,0.8476140123729579,ok
4158,DIRECTV,DTV,,,,,,,,,,,,no-price-data
8488,INTUITIVE SURGICAL INC,ISRG,internal,yfinance,2008-01-01,2013-01-01,0.5137212518207392,-0.014490514026200496,0.5282117658469397,-0.06334317818402568,0.16611317132190573,0.5881401150910128,0.3293558771903564,ok
3370,STATE STREET CORP,STT-PG,,,,,,,,,,,,no-price-data
1379,REGIONS FINANCIAL CORP,RF-PF,,,,,,,,,,,,no-price-data
1593,GOODYEAR TIRE & RUBBER CO,GT,internal,yfinance,2008-04-13,2013-04-13,-0.5147400997182294,0.19613499746406715,-0.7108750971822966,-0.45888290596494374,-0.36024710829664197,-0.10322570543237564,-0.4302531094160703,ok
1294,EQT CORP,EQT,internal,yfinance,2008-04-21,2013-04-21,0.07061469754421479,0.12035986281610733,-0.049745165271892544,-0.3326435992811757,-0.20136998238252324,0.6042622748370019,0.3146043519172099,ok
3553,ANDEAVOR,ANDV,external,yfinance,2008-05-01,2013-05-01,1.1795031817486232,0.12300792538062844,1.0564952563679948,-0.4688683902780675,-0.31088661880075885,2.95030211157338,2.6338647866053684,ok
537,BRISTOL-MYERS SQUIBB CO,CELG-RI,,,,,,,,,,,,no-price-data
959,CMS ENERGY CORP,CMS-PB,internal,yfinance,2008-05-21,2013-05-21,0.6149050126987452,0.20022152789822534,0.41468348480051986,0.08524821939951566,0.3031369438945781,0.4880512898627898,-0.04654048177910641,ok
697,CATERPILLAR INC,CAT,internal,yfinance,2008-06-01,2013-06-01,0.19420282604505257,0.1768602470406977,0.017342579004354874,-0.2261420203146819,0.0011560181931368207,0.5431808644406091,0.02013536217730727,ok
8661,GAMESTOP CORP,GME-WT,,,,,,,,,,,,no-price-data
5819,BIOGEN INC,BIIB,internal,yfinance,2008-06-08,2013-06-08,2.67199753190078,0.20680589318058895,2.4651916387201913,-0.2354765109762189,-0.015349610776515421,3.802988508030732,3.2555497087060496,ok
4871,DEVON ENERGY CORP,DVN,external,yfinance,2008-06-08,2013-06-08,-0.49770766511911224,0.20680589318058895,-0.7045135582997012,-0.4450975333557424,-0.22497063315603893,-0.09480969165901676,-0.6422484909836991,ok
4579,CELGENE CORP,CELG,,,,,,,,,,,,no-price-data
3017,QUESTAR CORP,STR,,,,,,,,,,,,no-price-data
8877,MASTERCARD INC,MA,external,yfinance,2008-07-01,2013-07-01,1.2121040442799198,0.2568661758241486,0.9552378684557712,-0.2249397129378108,-0.02450541620751967,1.85410577887398,1.2821697007200832,ok
2807,PAYCHEX INC,PAYX,internal,yfinance,2008-07-01,2013-07-01,0.42011860440996873,0.2568661758241486,0.16325242858582012,-0.10621064922849688,0.09422364750179424,0.5888739367773261,0.016937858623429225,ok
477,BLOCK H & R INC,HRB,external,yfinance,2008-07-07,2013-07-07,0.5165651388576591,0.3031038147860341,0.213461324071625,-0.27221860269977416,-0.1188699669169182,1.0838195981423837,0.5446927864931179,ok
3477,TECO ENERGY INC,TE,,,,,,,,,,,,no-price-data
1713,HP INC,HPQ,external,yfinance,2008-08-06,2013-08-06,-0.3548287907347495,0.3166174669852715,-0.671446257720021,0.04168076615794103,0.17164604231813885,-0.3806440224053933,-0.8939370334872105,ok
9121,WESTERN UNION CO,WU,internal,yfinance,2008-09-01,2013-09-01,-0.3254328568852324,0.27817438193529775,-0.6036072388205301,-0.41554791386297296,-0.261123201689622,0.15418724496880798,-0.3574160390161607,ok
1082,DTE ENERGY CO,DTG,,,,,,,,,,,,no-price-data
3949,WILMINGTON TRUST CORP,MTB-PH,,,,,,,,,,,,no-price-data
4804,OFFICE DEPOT INC,ODP,,,,,,,,,,,,no-price-data
3252,SIGMA-ALDRICH CORP,SIAL,,,,,,,,,,,,no-price-data
3304,SOUTHERN CO,SOMN,,,,,,,,,,,,no-price-data
2859,PFIZER INC,PFE,internal,yfinance,2008-12-05,2013-12-05,1.3208964944455968,1.0375426785227968,0.28335381592279996,0.1090844597828513,-0.28887455113926963,1.0814207054865648,0.6220135856431428,ok
5656,CEPHALON INC,CEPH,,,,,,,,,,,,no-price-data
8578,MASSEY ENERGY CO,MEE,internal,yfinance,2008-12-30,2013-12-30,-0.9304613891809148,1.067131406638841,-1.997592795819756,0.9057924580448466,0.49345977121925455,-0.9635119708205662,-1.427141203452006,ok
7253,SANDISK CORP,SNDK,,,,,,,,,,,,no-price-data
3936,WILLIAMS COS INC,WMB,internal,yfinance,2008-12-31,2013-12-31,2.814862750869237,1.0463437424318434,1.7685190084373938,0.7987084870504573,0.4063586230610441,1.1208899487236494,0.6511848154401354,ok
2345,MERCK & CO,MRK,internal,yfinance,2009-01-01,2014-01-01,1.0101199499059645,0.9836445691843461,0.02647538072161848,0.2786621929102453,-0.07102661490702333,0.5720492566773365,0.11878752989113428,ok
8078,REPUBLIC SERVICES INC,RSG,internal,yfinance,2009-01-01,2014-01-01,0.5380926538873225,0.9836445691843461,-0.44555191529702354,0.26295447814990913,-0.0867343296673595,0.2101527103869758,-0.24310901639922644,ok
4830,CINCINNATI FINANCIAL CORP,CINF,internal,yfinance,2009-01-01,2014-01-01,1.326401308002466,0.9836445691843461,0.34275673881811985,0.2332529137716497,-0.11643589404561894,0.8507698174871703,0.39750809070096804,ok
2453,MOTOROLA SOLUTIONS INC,MSI,internal,yfinance,2009-01-04,2014-01-04,2.8356985258262055,0.9746293288186161,1.8610691970075894,1.1959751248875126,0.8264134941218719,0.7466948884599438,0.30489826940986275,ok
2672,OCCIDENTAL PETROLEUM CORP,OXY-WT,,,,,,,,,,,,no-price-data
45,ADVANCED MICRO DEVICES,AMD,external,yfinance,2009-01-10,2014-01-10,0.6230159458509774,1.1170339604750623,-0.4940180146240849,2.6468252579130844,2.187778552616395,-0.5549509968076296,-1.0059216564785787,ok
10384,CAREFUSION CORP,CFN,,,,,,,,,,,,no-price-data
1444,FLUOR CORP,FLR,internal,yfinance,2009-02-01,2014-02-01,1.0899444333538093,1.1595633365816305,-0.06961890322782116,0.8553428270485326,0.2712301574991409,0.1264464997439203,-0.2368172239127615,ok
2007,SEARS HOLDINGS CORP,SHLD,,,,,,,,,,,,no-price-data
8253,REYNOLDS AMERICAN INC,RAI,,,,,,,,,,,,no-price-data
2331,CVS HEALTH CORP,CVS,internal,yfinance,2009-03-01,2014-03-01,2.080459303228229,1.653248953709796,0.42721034951843295,0.33313384820355063,-0.5308682384982109,1.3106901886703026,0.8872749614885782,ok
7261,LEXMARK INTL INC -CL A,LXK,,,,,,,,,,,,no-price-data
8879,HOSPIRA INC,HSP,,,,,,,,,,,,no-price-data
8882,ALPHABET INC,GGLBP,,,,,,,,,,,,no-price-data
3519,ALLEGHENY TECHNOLOGIES INC,ATI,internal,yfinance,2009-04-01,2014-04-01,0.7647763823679763,1.3247028404133276,-0.5599264580453513,1.9675905950395647,1.3248303172554114,-0.40531676258919813,-0.8204367115260062,ok
7360,IRON MOUNTAIN INC,IRM,internal,yfinance,2009-04-12,2014-04-12,0.31978239456743873,1.1143898346429335,-0.7946074400754948,0.32801119597749406,-0.20234184172864778,-0.006196334364484524,-0.3878316711441657,ok
2324,MEDTRONIC PLC,MDT,external,yfinance,2009-04-29,2014-04-29,1.0815956210549875,1.1500044921941317,-0.06840887113914418,0.37859892181432486,-0.18223845111701276,0.5099356224038489,0.1324670087735218,ok
2759,PG&E CORP,PCG-PX,,,,,,,,,,,,no-price-data
3284,KEYCORP,KEY-PL,,,,,,,,,,,,no-price-data
7974,QUANTA SERVICES INC,PWR,internal,yfinance,2009-05-01,2014-05-01,0.533913354659993,1.146594962833046,-0.6126816081730531,-0.057390959341992676,-0.6113270006872032,0.64398926016937,0.26017173305952257,ok
8462,METLIFE INC,MET-PF,,,,,,,,,,,,no-price-data
478,BLOCK H & R INC,HRB,external,yfinance,2009-05-16,2014-05-16,1.3602166632164145,1.064240186427238,0.2959764767891766,0.1909086929574615,-0.2705130113129195,0.9818619825128105,0.5693742793430976,ok
1707,HERSHEY CO,HSY,internal,yfinance,2009-05-17,2014-05-17,2.0864145242252405,1.064240186427238,1.0221743377980026,0.706684015435199,0.24580093360772848,0.808427627089608,0.3954191446825106,ok
6275,COMPUWARE CORP,CPWR,internal,yfinance,2009-06-01,2014-06-01,-0.9230769628302868,1.0401221337518387,-1.9631990965821255,-0.9838461858476116,-1.3780469299965885,3.7619117345323794,3.2986202090375096,ok
2767,SEMPRA ENERGY,SREA,,,,,,,,,,,,no-price-data
2569,NEWELL BRANDS INC,NWL,external,yfinance,2009-07-18,2014-07-18,1.8853070582132596,1.079862858439482,0.8054441997737776,0.3136446756258171,-0.0588700539111735,1.1964136206304845,0.6810471085777425,ok
649,CAMPBELL SOUP CO,CPB,internal,yfinance,2009-07-31,2014-07-31,0.6159432042247937,0.9551485418760961,-0.33920533765130245,0.1357675940561085,-0.1728969407767278,0.4266614743890471,-0.07354065768220819,ok
419,VERIZON COMMUNICATIONS INC,VZ,internal,yfinance,2009-08-01,2014-08-01,1.166018922687364,0.9201001516397609,0.24591877104760318,0.34230767515188987,0.0587435137575103,0.6136530862361842,0.11774021379053212,ok
7959,VERISIGN INC,VRSN,internal,yfinance,2009-08-01,2014-08-01,2.0764526809509944,0.9201001516397609,1.1563525293112336,0.7445563106943778,0.4609921492999982,0.7634585149770763,0.2675456425314242,ok
2618,XCEL ENERGY INC,XELLL,,,,,,,,,,,,no-price-data
245,APPLE INC,AAPL,internal,yfinance,2009-08-24,2014-08-24,3.410959195804792,0.9388243889253176,2.4721348068794744,1.225126568258764,1.0768870163423074,0.9823408064632095,0.29382172898556624,ok
1714,HP INC,HPQ,external,yfinance,2009-09-26,2014-09-26,-0.1944153096130402,0.8653690681093973,-1.0597843777224374,-0.5163796848395777,-0.6104265836899593,0.6657379045785916,-0.03927955863026811,ok
5724,AES CORP,AES,internal,yfinance,2009-09-30,2014-09-30,-0.014883302399602782,0.8657907831528919,-0.8806740855524947,-0.3414304550402111,-0.41175634426441177,0.49584308163012114,-0.2473556972999711,ok
413,BECTON DICKINSON & CO,BDX,internal,yfinance,2009-09-30,2014-09-30,0.8221889399537068,0.8657907831528919,-0.04360184319918514,0.09449277336329875,0.024166884139098066,0.6648706910638151,-0.0783280878662771,ok
1497,TEGNA INC,TGNA,,,,,,,,,,,,no-price-data
125,BEAM INC,BEAM,,,,,,,,,,,,no-price-data
6097,BOSTON SCIENTIFIC CORP,BSX,internal,yfinance,2009-10-17,2014-10-17,0.12696850208926014,0.7185014719127996,-0.5915329698235394,-0.4537401305031984,-0.5475091534348405,1.063062957795875,0.49188893852562754,ok
9131,FIRST SOLAR INC,FSLR,external,yfinance,2009-10-26,2014-10-26,-0.6355653102203445,0.8413046965294937,-1.4768700067498381,-0.70226640366676,-0.8663322519625122,0.22402944870138142,-0.3577579555294459,ok
227,NABORS INDUSTRIES LTD,NBRWF,,,,,,,,,,,,no-price-data
1801,ITT INC,ITT,internal,yfinance,2009-10-31,2014-10-31,1.7515940004393018,0.9350740635351347,0.8165199369041671,-0.0698501808013946,-0.2716184024185663,1.9582266680544098,1.3480375910532039,ok
307,AUTOMATIC DATA PROCESSING,ADP,internal,yfinance,2009-11-09,2014-11-09,1.579580419665107,0.8588942489433538,0.7206861707217533,0.2580268740196314,0.13358948151433436,1.050497070402689,0.39731988033997334,ok
142,AMERICAN ELECTRIC POWER CO,AEP,internal,yfinance,2009-11-11,2014-11-11,1.3080023617095282,0.8567696566971819,0.45123270501234636,0.3763526478597403,0.2258397127472156,0.6768975344353241,0.06303505620461869,ok
2829,PPL CORP,PPLC,,,,,,,,,,,,no-price-data
3174,SCANA CORP,SCG,,,,,,,,,,,,no-price-data
1026,CUMMINS INC,CMI,internal,yfinance,2009-12-31,2014-12-31,2.451320359399312,0.8463814432978405,1.6049389161014715,0.9677398450962849,0.8399486128122717,0.6955835678856901,0.08336502852354588,ok
2268,MATTEL INC,MAT,internal,yfinance,2009-12-31,2014-12-31,0.8434999234964764,0.8463814432978405,-0.0028815198013640853,0.4868357750292365,0.35904454274522335,0.23988133353882102,-0.3723372058233232,ok
10467,AVALONBAY COMMUNITIES INC,AVB,internal,yfinance,2009-12-31,2014-12-31,1.372095433876078,0.8463814432978405,0.5257139905782375,0.6963425361649251,0.568551303880912,0.4043812319247204,-0.2078373074374238,ok
2172,RANGE RESOURCES CORP,RRC,internal,yfinance,2010-01-01,2015-01-01,0.029771547818446376,0.8172269129384253,-0.7874553651199789,0.1852625713558005,0.07527926486093439,-0.1203943068765253,-0.7326128462386695,ok
6644,COSTCO WHOLESALE CORP,COST,internal,yfinance,2010-01-01,2015-01-01,1.7097646219815594,0.8172269129384253,0.8925377090431341,0.43802731408475504,0.32804400758988894,0.8558517568276471,0.24363321746550293,ok
1881,INTL BUSINESS MACHINES CORP,IBM,internal,yfinance,2010-01-01,2015-01-01,0.3328788923900814,0.8172269129384253,-0.4843480205483439,0.4387876003481961,0.32880429385333,-0.08564309365808775,-0.697861633020232,ok
6682,URBAN OUTFITTERS INC,URBN,internal,yfinance,2010-01-09,2015-01-09,0.08486099816032788,0.7827774620426009,-0.697916463882273,-0.14902421802653143,-0.26560861616788,0.27484356328503745,-0.3217911962639839,ok
2372,MICRON TECHNOLOGY INC,MU,internal,yfinance,2010-02-01,2015-02-01,2.1919302754574974,0.8316272620537142,1.3603030134037832,-0.1603052714720281,-0.3759701573511465,2.801298456467763,2.2946108130806158,ok
3407,STRYKER CORP,SYK,internal,yfinance,2010-02-08,2015-02-08,0.939832828983725,0.945104746388221,-0.005271917404495952,0.0926082755260138,-0.18486771044295813,0.775414732283473,0.2527992250237814,ok
2399,3M CO,MMM,internal,yfinance,2010-02-24,2015-02-24,1.3852260356642287,0.9140458173433859,0.4711802183208429,0.1593389239168479,-0.07635649273628897,1.057401840357174,0.5084393763484047,ok
3426,SUNOCO INC,SUN,internal,yfinance,2010-03-01,2015-03-01,1.5351977277130318,0.8862429069214792,0.6489548207915525,,,1.5351977277130318,1.0036386214330852,ok
2784,PALL CORP,PLL,,,,,,,,,,,,no-price-data
1242,EL PASO ELECTRIC CO,EP,external,yfinance,2010-03-02,2015-03-02,-0.8901515226773539,0.8933835713153611,-1.783535093992715,-0.9090909147352881,-1.1338228165524744,0.20833332557231166,-0.33762425788417216,ok
3697,UNION PACIFIC CORP,UNP,internal,yfinance,2010-03-02,2015-03-02,2.942427603370619,0.8933835713153611,2.0490440320552583,0.7145552633562047,0.4898233615390184,1.2993878865434776,0.7534303030869938,ok
920,DXC TECHNOLOGY COMPANY,DXC,external,yfinance,2010-03-19,2015-03-19,0.3460596835043568,0.8012500866931787,-0.45519040318882187,-0.4021909083899048,-0.6175973833679119,1.2516547546625265,0.7696401992227322,ok
6629,MARRIOTT INTL INC,MAR,internal,yfinance,2010-03-31,2015-03-31,1.9126183944218047,0.7682886513957088,1.144329743026096,0.29939077928529434,0.0949835843157063,1.2303306108693137,0.7730849830825934,ok
443,BEST BUY CO INC,BBY,external,yfinance,2010-04-09,2015-04-09,-0.015769708105903724,0.7508644224065975,-0.7666341305125012,-0.47560343988923226,-0.6328662284912335,0.876881670784031,0.3639457675034288,ok
319,AVON PRODUCTS,AVP,,,,,,,,,,,,no-price-data
1977,JOHNSON & JOHNSON,JNJ,internal,yfinance,2010-04-26,2015-04-26,0.8378430630698801,0.747196779088245,0.0906462839816351,0.07404685785630516,-0.08100443876492402,0.7111386245643316,0.1984813216383341,ok
8860,GENWORTH FINANCIAL INC,GNW,external,yfinance,2010-05-01,2015-05-01,-0.4786477079688706,0.7536057274944221,-1.2322534354632926,-0.6352313242745966,-0.8045457278728005,0.4292682643166479,-0.07041883617424016,ok
8757,CME GROUP INC,CME,internal,yfinance,2010-05-01,2015-05-01,0.7063716291779163,0.7536057274944221,-0.047234098316505824,-0.14027110181757108,-0.309585505415775,0.984778728254212,0.48509162776332393,ok
7668,QUEST DIAGNOSTICS INC,DGX,external,yfinance,2010-05-01,2015-05-01,0.35666001032217043,0.7536057274944221,-0.3969457171722517,0.05384018101496291,-0.11547422258324103,0.2873489118772823,-0.21233818861360576,ok
4082,ANADARKO PETROLEUM CORP,APC,,,,,,,,,,,,no-price-data
2874,ALTRIA GROUP INC,MO,internal,yfinance,2010-05-17,2015-05-17,2.1801774411325376,0.867055508528624,1.3131219326039136,0.6447025034619507,0.4970077679444205,0.9335882534613711,0.30680070207758603,ok
195,AMGEN INC,AMGN,internal,yfinance,2010-05-23,2015-05-23,2.355449909665534,0.980217026264246,1.3752328834012881,0.3258042562246506,0.09741515795091682,1.5308788185825306,0.9188350215095489,ok
2879,CONOCOPHILLIPS,COP,internal,yfinance,2010-06-01,2015-06-01,1.0327494782791269,0.972270789953001,0.06047868832612591,0.44161787448547396,0.2479799279929762,0.41004736016098065,-0.24227175029333603,ok
9031,LEIDOS HOLDINGS INC,LDOS,external,yfinance,2010-06-15,2015-06-15,0.17093013813230207,0.8690583719462992,-0.6981282338139971,-0.3025651166943817,-0.5066575364981374,0.6789096246268436,0.12665471362016167,ok
2461,MURPHY OIL CORP,MUR,internal,yfinance,2010-06-21,2015-06-21,0.029693233994586565,0.8954276704855859,-0.8657344364909993,-0.18524890388071735,-0.37596941044402554,0.26381325400983013,-0.3280193045443378,ok
2299,MCDONALD'S CORP,MCD,internal,yfinance,2010-06-30,2015-06-30,0.7003552784475087,1.0016398265379505,-0.3012845480904418,0.426924111092182,0.10534957916400378,0.1977102432450102,-0.31316122065292595,ok
4391,AIRGAS INC,ARG,,,,,,,,,,,,no-price-data
3800,VARIAN MEDICAL SYSTEMS INC,VAR,,,,,,,,,,,,no-price-data
7402,DEAN FOODS CO,DF,,,,,,,,,,,,no-price-data
1816,ILLINOIS TOOL WORKS,ITW,internal,yfinance,2010-10-12,2015-10-12,1.0479020553924254,0.724663760613335,0.3232382947790904,0.2803211383866302,0.05906401778374737,0.5995221776725848,0.18731852987568054,ok
889,CITIGROUP INC,C-PR,,,,,,,,,,,,no-price-data
9271,VISA INC,V,external,yfinance,2010-11-01,2015-11-01,3.169998226820714,0.7556528300455525,2.414345396775161,0.8897655476463673,0.6844176357136897,1.2066219971119123,0.7500692353200862,ok
6098,BOSTON SCIENTIFIC CORP,BSX,internal,yfinance,2010-11-01,2015-11-01,1.8924050933752006,0.7556528300455525,1.136752263329648,-0.1708861346849151,-0.37623404661759263,2.4885499017387813,2.031997139946955,ok
9482,CBRE GROUP INC,CBRE,internal,yfinance,2010-11-30,2015-11-30,0.945805060626153,0.7622377926073507,0.1835672680188023,-0.013548734843461752,-0.21314214057557024,0.9725303513269625,0.5035011084295644,ok
6588,BORGWARNER INC,BWA,internal,yfinance,2010-12-01,2015-12-01,0.3824116088314373,0.7433730848546956,-0.36096147602325823,0.04805584798783058,-0.1261547009677748,0.3190247556802803,-0.1727734798750873,ok
6615,KEURIG DR PEPPER INC,KDP,external,yfinance,2010-12-03,2015-12-03,1.8035897797965061,0.6735555213566988,1.1300342584398073,0.2683853098068998,0.11753326655367413,1.210361282269445,0.7561730300368674,ok
8377,AKAMAI TECHNOLOGIES INC,AKAM,internal,yfinance,2010-12-31,2015-12-31,0.12433586362761084,0.6252185980084419,-0.5008827343808311,-0.13049945779408334,-0.2645202624715882,0.29308241806862934,-0.1400646558694234,ok
1521,GENERAL DYNAMICS CORP,GD,internal,yfinance,2010-12-31,2015-12-31,1.2286919991875398,0.6252185980084419,0.6034734011790979,0.04043424239711957,-0.09358656228038531,1.142078670971768,0.7089315970337153,ok
8579,GARMIN LTD,GRMN,internal,yfinance,2010-12-31,2015-12-31,0.495989218877136,0.6252185980084419,-0.12922937913130594,0.4367811228641172,0.3027603181866123,0.04120884877370301,-0.39193822516434973,ok
6382,HUMANA INC,HUM,internal,yfinance,2010-12-31,2015-12-31,2.43832029586623,0.6252185980084419,1.8131016978577879,0.28251489487881165,0.14849409020130677,1.6809203617016286,1.2477732877635759,ok
3123,RYDER SYSTEM INC,R,internal,yfinance,2011-01-01,2016-01-01,0.20216006367611894,0.6070352703130839,-0.40487520663696497,-0.0025197019009037813,-0.12385281525487035,0.17783242129355936,-0.21980976083361847,ok
3905,WEYERHAEUSER CO,WY,external,yfinance,2011-01-01,2016-01-01,0.7727967086877106,0.6070352703130839,0.16576143837462665,0.49089368911478193,0.36956057576081536,0.1348305719901417,-0.26281161013703613,ok
2910,PITNEY BOWES INC,PBI-PB,external,yfinance,2011-01-01,2016-01-01,0.2038312771905073,0.6070352703130839,-0.4032039931225766,,,0.2038312771905073,-0.19381090493667052,ok
2658,NUCOR CORP,NUE,internal,yfinance,2011-01-01,2016-01-01,0.07848733827849186,0.6070352703130839,-0.528547932034592,0.050751113078629784,-0.07058200027533679,-0.010734945102646498,-0.40837712722982433,ok
2380,ENTERGY CORP,ETR,internal,yfinance,2011-01-01,2016-01-01,0.20854569226656805,0.6070352703130839,-0.39848957804651586,-0.022703293215631803,-0.14403640656959837,0.21752269670819424,-0.1801194854189836,ok
8204,BOOKING HOLDINGS INC,BKNG,external,yfinance,2011-01-01,2016-01-01,2.0648573722651835,0.6070352703130839,1.4578221019520996,0.49135772350966334,0.37002461015569676,0.997102307139577,0.5994601250123992,ok
7534,STERICYCLE INC,SRCL,,,,,,,,,,,,no-price-data
3889,WESTERN DIGITAL CORP,WDC,external,yfinance,2011-01-01,2016-01-01,0.890842432772428,0.6070352703130839,0.2838071624593441,0.2607378807513716,0.13940476739740504,0.4669906631546874,0.06934848102750957,ok
2164,LOCKHEED MARTIN CORP,LMT,internal,yfinance,2011-01-01,2016-01-01,2.771210393372943,0.6070352703130839,2.1641751230598594,0.4434387175137049,0.3221056041597383,1.5852074105801774,1.1875652284529996,ok
7361,IRON MOUNTAIN INC,IRM,external,yfinance,2011-01-07,2016-01-07,0.6798131881972707,0.5281871536140876,0.15162603458318302,0.5943834184198438,0.44464687524372315,0.05358169734485485,-0.27558119887179133,ok
3201,SEALED AIR CORP,SEE,,,,,,,,,,,,no-price-data
6476,JABIL INC,JBL,internal,yfinance,2011-03-01,2016-03-01,0.06827719083251971,0.5144335980481158,-0.44615640721559613,-0.09665284024663112,-0.25884003815570056,0.18257657568124763,-0.12051263470825324,ok
2575,NEWMONT MINING CORP,NEMCL,,,,,,,,,,,,no-price-data
203,ANALOG DEVICES,ADI,internal,yfinance,2011-03-28,2016-03-28,0.7410856663779328,0.5547746051551299,0.18631106122280294,0.26717763906955305,0.0694963778914901,0.37398705019475775,0.0758331460201005,ok
5069,ELECTRONIC ARTS INC,EA,internal,yfinance,2011-03-30,2016-03-30,2.3551828373129613,0.553874946168156,1.8013078911448053,-0.10060965744693684,-0.2819972847708505,2.6847092335670077,2.3635022630637836,ok
3816,VORNADO REALTY TRUST,VNO-PO,,,,,,,,,,,,no-price-data
9327,MEAD JOHNSON NUTRITION CO,MJN,,,,,,,,,,,,no-price-data
9280,PHILIP MORRIS INTERNATIONAL,PM,internal,yfinance,2011-05-08,2016-05-08,0.8055046210550139,0.5280064717782738,0.2774981492767401,0.48306559441172325,0.2703329038072626,0.21741386750408043,-0.04255585510368709,ok
3152,SAFEWAY INC,SWY,,,,,,,,,,,,no-price-data
1856,INTEL CORP,INTC,internal,yfinance,2011-05-16,2016-05-16,0.49976719174492246,0.5544991294661343,-0.054731937721211876,0.08914349991621284,-0.1523061056211208,0.37701523431971884,0.12485073039424188,ok
6533,FLIR SYSTEMS INC,FLIR,,,,,,,,,,,,no-price-data
2963,PROCTER & GAMBLE CO,PG,external,yfinance,2011-05-23,2016-05-23,0.40085806173279415,0.5546429982871406,-0.15378493655434644,0.25241266263882234,-0.0004699867939232938,0.11852754569025103,-0.12232529794280578,ok
5318,SLM CORP,SLMBP,internal,yfinance,2011-05-29,2016-05-29,-0.003397638636460365,0.5604074745655079,-0.5638051132019682,0.15074369241261487,-0.07462059927918063,-0.13394931648585195,-0.4073726446710858,ok
6570,PETSMART INC,PETM,,,,,,,,,,,,no-price-data
5025,EOG RESOURCES INC,EOG,internal,yfinance,2011-07-01,2016-07-01,0.6735506414957726,0.5697521644797789,0.10379847701599365,0.3299345317227498,0.1244436959483961,0.25837069538145974,-0.04379778064137119,ok
1178,DUKE ENERGY CORP,DUK-PA,,,,,,,,,,,,no-price-data
2236,MARATHON OIL CORP,MRO,,,,,,,,,,,,no-price-data
8288,JUNIPER NETWORKS INC,JNPR,,,,,,,,,,,,no-price-data
8633,ROCKWELL COLLINS,COL,internal,yfinance,2011-07-31,2016-07-31,-0.8349999934434891,0.6889677814188742,-1.5239677748623632,-0.5999999940395355,-0.9098746247287803,-0.5874999897554518,-0.8769117714999031,ok
2462,MURPHY OIL CORP,MUR,internal,yfinance,2011-08-30,2016-08-30,-0.2115750751580372,0.794116708723148,-1.0056917838811852,0.425662499083707,0.07934954230256608,-0.44697645806865616,-0.7795913598910731,ok
5662,UNITED STATES STEEL CORP,X,,,,,,,,,,,,no-price-data
249,APPLIED MATERIALS INC,AMAT,internal,yfinance,2011-09-01,2016-09-01,2.032935519310294,0.8024111424705287,1.2305243768397653,0.4380994169497603,0.08228507384566042,1.0950314629636257,0.7711506250626838,ok
1981,JOHNSON CONTROLS INTL PLC,JCI,internal,yfinance,2011-09-01,2016-09-01,1.3588464577186183,0.8024111424705287,0.5564353152480896,0.6748799080289514,0.3190655649248515,0.41307245588682884,0.08919161798588693,ok
9457,XYLEM INC,XYL,external,yfinance,2011-09-09,2016-09-09,1.2756030524056583,0.8434888147071129,0.4321142376985454,0.14135689377343263,-0.3069766179402327,0.9937699284246679,0.7209354605361906,ok
1458,FOREST LABORATORIES -CL A,FRX,,,,,,,,,,,,no-price-data
2305,S&P GLOBAL INC,SPGI,internal,yfinance,2011-11-01,2016-11-01,2.3343425342941932,0.733361723020195,1.6009808112739983,0.8653873893778041,0.41938156782201585,0.7874799375621144,0.5887560478095584,ok
832,CLEVELAND-CLIFFS INC,CLF,external,yfinance,2011-11-18,2016-11-18,-0.8770628056017532,0.7948421490761006,-1.6719049546778537,-0.5657265219876377,-1.0394483936754897,-0.716912957795808,-0.9348104346246413,ok
4396,JOY GLOBAL INC,JOY,,,,,,,,,,,,no-price-data
2077,KROGER CO,KR,internal,yfinance,2011-12-31,2016-12-31,2.040251561629187,0.753112598784363,1.2871389628448242,0.6753778665646637,0.2280222994452079,0.8146661850458701,0.6034139961497935,ok
1771,CENTERPOINT ENERGY INC,CNP,internal,yfinance,2011-12-31,2016-12-31,0.5361512181057291,0.753112598784363,-0.2169613806786339,0.2580084874689983,-0.1893470796504575,0.2210976582489752,0.00984546935289865,ok
9425,WPX ENERGY INC,WPX,,,,,,,,,,,,no-price-data
9146,TIME WARNER CABLE INC,TWC,,,,,,,,,,,,no-price-data
8992,CF INDUSTRIES HOLDINGS INC,CF,internal,yfinance,2012-01-01,2017-01-01,0.13840786370242553,0.753112598784363,-0.6147047350819375,0.5441872677187907,0.09683170059933488,-0.26482924087823934,-0.4869114153527383,ok
8538,TAPESTRY INC,TPR,internal,yfinance,2012-01-01,2017-01-01,-0.32172574503000706,0.753112598784363,-1.07483834381437,-0.024938813269046234,-0.472294380388502,-0.3016404358769975,-0.5237226103514965,ok
6740,EASTMAN CHEMICAL CO,EMN,internal,yfinance,2012-01-01,2017-01-01,1.0760689206353375,0.753112598784363,0.32295632185097456,1.0829100649561072,0.6355544978366514,0.0019300602541385548,-0.2201521142203604,ok
1739,HOME DEPOT INC,HD,internal,yfinance,2012-01-11,2017-01-11,2.4768548858857904,0.7604296412654481,1.7164252446203423,0.9684065764533674,0.5429531667618639,0.7890176946101277,0.5382920297959435,ok
1537,GENERAL MOTORS CO,GM,internal,yfinance,2012-01-15,2017-01-15,0.7461995941038353,0.7582844274890554,-0.01208483338522015,0.6272727610547779,0.1984849387397476,0.07308352717215683,-0.15752916424912766,ok
2709,ONEOK INC,OKE,internal,yfinance,2012-01-31,2017-01-31,0.8505555268425649,0.7364010163271051,0.11415451051545977,0.7320413569043553,0.37378447117846436,0.06842456126453444,-0.2099794244433113,ok
3831,WALMART INC,WMT,internal,yfinance,2012-02-01,2017-02-01,0.22163816002015624,0.7215975558094929,-0.4999593957893367,0.26087967745119256,-0.08539588677449506,-0.004186820564861526,-0.31285156383695745,ok
4129,MICROSOFT CORP,MSFT,internal,yfinance,2012-02-04,2017-02-04,1.4221895116921965,0.7089702654677292,0.7132192462244673,0.2751337186018872,-0.03049808947222621,0.8995572592559089,0.5906352071893584,ok
2256,MASCO CORP,MAS,internal,yfinance,2012-02-14,2017-02-14,2.5406162295529775,0.7308997246390225,1.809716504913955,1.0008038970509192,0.6393599837722723,0.7695968279408398,0.4982262575068015,ok
7612,NATIONAL OILWELL VARCO INC,NOV,internal,yfinance,2012-02-27,2017-02-27,-0.426651453592634,0.7327927662722857,-1.1594442198649197,-0.10695776527271672,-0.46283934191930576,-0.3579827200642366,-0.635965101503393,ok
1313,EXPEDITORS INTL WASH INC,EXPD,internal,yfinance,2012-03-01,2017-03-01,0.3717392053823181,0.743670371326193,-0.3719311659438749,-0.08092839862517331,-0.43415125697114,0.4955551093984534,0.19744542580919333,ok
5929,QUALCOMM INC,QCOM,internal,yfinance,2012-03-04,2017-03-04,0.033019595065359786,0.7467329707242576,-0.7137133756588978,0.2706476751023281,-0.1028544061673542,-0.18701335129569385,-0.45875002686705957,ok
1697,HELMERICH & PAYNE,HP,internal,yfinance,2012-03-05,2017-03-05,0.3554336322964671,0.7467329707242576,-0.3912993384277905,0.719090958207981,0.34566215509619136,-0.21154047967921286,-0.48334500770911104,ok
3034,RAYTHEON CO,RTN,,,,,,,,,,,,no-price-data
1683,WELLTOWER INC,WELL,external,yfinance,2012-04-13,2017-04-13,0.7490745330345079,0.6996408963071383,0.049433636727369556,0.28059882172749107,-0.04447082087034926,0.3675963690604511,0.09537018772854489,ok
2753,PACCAR INC,PCAR,internal,yfinance,2012-04-27,2017-04-27,0.7649144632561429,0.7021790876649712,0.0627353755911717,0.6049891371024623,0.27717585764141717,0.0971359747026328,-0.18067060318424222,ok
8254,REYNOLDS AMERICAN INC,RAI,,,,,,,,,,,,no-price-data
4916,VALERO ENERGY CORP,VLO,internal,yfinance,2012-05-01,2017-05-01,2.2691864441885286,0.6988876025194164,1.5702988416691122,1.657495543325732,1.3175799597666278,0.23017570147918054,-0.037730742303498266,ok
3100,ROSS STORES INC,ROST,internal,yfinance,2012-05-01,2017-05-01,1.1845410491000314,0.6988876025194164,0.48565344658061504,0.11916960908714747,-0.22074597447195665,0.9519302805960359,0.6840238368133571,ok
1058,TARGET CORP,TGT,external,yfinance,2012-05-05,2017-05-05,0.18413192671291734,0.7518437156265567,-0.5677117889136394,0.12670336833277274,-0.24938280016576275,0.05097043285236991,-0.22209208004100134,ok
8231,CNX RESOURCES CORPORATION,CNX,internal,yfinance,2012-05-07,2017-05-07,-0.5152553108672608,0.7518437156265567,-1.2670990264938176,0.33518713981142567,-0.03618950208103411,-0.6369462566863835,-0.9143806697511003,ok
67,AIR PRODUCTS & CHEMICALS INC,APD,external,yfinance,2012-07-01,2017-07-01,1.209124998105135,0.7747287788284518,0.43439621927668326,0.7171506248389365,0.27203493020718383,0.2865062424633509,0.05841856379434862,ok
3819,VULCAN MATERIALS CO,VMC,internal,yfinance,2012-07-01,2017-07-01,2.2404064566049726,0.7747287788284518,1.4656776777765208,0.6167593678514613,0.17164367321970864,1.0042602016348314,0.7761725229658292,ok
1454,FORD MOTOR CO,F-PD,,,,,,,,,,,,no-price-data
434,BEMIS CO INC,BMS,internal,yfinance,2012-08-07,2017-08-07,0.6023889867573806,0.7703713956765497,-0.16798240891916905,0.3715572226946908,0.008892663835561976,0.16829904012985764,-0.13089919920702475,ok
1887,INTL FLAVORS & FRAGRANCES,IFF,external,yfinance,2012-09-01,2017-09-01,1.5025635245684223,0.7627444247540329,0.7398190998143894,0.756497778603384,0.33055070707807066,0.42826075001275576,0.19139576979428163,ok
165,AMERICAN INTERNATIONAL GROUP,AIG,internal,yfinance,2012-09-01,2017-09-01,0.8568208999770566,0.7627444247540329,0.09407647522302365,0.6363913392247593,0.21044426769944602,0.1399919151320692,-0.09687306508640492,ok
3722,UNITED PARCEL SERVICE INC,UPS,internal,yfinance,2012-09-01,2017-09-01,0.791818598562744,0.7627444247540329,0.029074173808711024,0.39729766245071185,-0.02864940907460145,0.27422898485193214,0.037364004633458014,ok
1047,DANAHER CORP,DHR,internal,yfinance,2012-09-09,2017-09-09,2.369148372760238,0.7223878350627653,1.6467605376974725,0.4227452214556868,0.03133256257562822,1.3680616332087072,1.1301917431581832,ok
6124,D R HORTON INC,DHI,internal,yfinance,2012-10-01,2017-10-01,1.0261352082730015,0.7441173870738262,0.2820178211991753,-0.002336675466016125,-0.34963575495905874,1.0308807174198016,0.736351972005608,ok
7080,DARDEN RESTAURANTS INC,DRI,internal,yfinance,2012-10-14,2017-10-14,0.9732152709762629,0.7728746107770728,0.20034066019919017,-0.029744776361377068,-0.3335853635343863,1.03370744408504,0.6739747986847122,ok
2589,NOBLE ENERGY INC,NBL,,,,,,,,,,,,no-price-data
1906,INTL PAPER CO,INPAP,internal,yfinance,2012-10-31,2017-10-31,0.4284875712879581,0.8236318458492369,-0.39514427456127876,0.21080979693604607,-0.21824215183999618,0.179778669534014,-0.09633438388657378,ok
8289,JUNIPER NETWORKS INC,JNPR,,,,,,,,,,,,no-price-data
837,CLOROX CO/DE,CLX,internal,yfinance,2012-11-20,2017-11-20,1.0649001726014835,0.8605859473266637,0.2043142252748198,0.43509295875087073,-0.044035966197277565,0.43886161520770584,0.18096859726683379,ok
4393,KRAFT FOODS GROUP INC,KFT,,,,,,,,,,,,no-price-data
4705,FASTENAL CO,FAST,internal,yfinance,2012-12-31,2017-12-31,0.32533591063630274,0.8746521972982402,-0.5493162866619374,0.059529434955339244,-0.38410709799737264,0.2508721956291544,-0.04769025725083709,ok
7847,YUM BRANDS INC,YUM,internal,yfinance,2012-12-31,2017-12-31,0.8949754360007662,0.8746521972982402,0.02032323870252606,0.1424424239708284,-0.3011941089818835,0.6587054159056274,0.36014296302563586,ok
985,MOLSON COORS BREWING CO,TAP-A,internal,yfinance,2012-12-31,2017-12-31,1.1794299115370688,0.8746521972982402,0.3047777142388286,1.490104539757406,1.046468006804694,-0.12476368893757539,-0.4233261418175669,ok
8842,ASSURANT INC,AIZN,,,,,,,,,,,,no-price-data
3157,ST JUDE MEDICAL INC,STJ,,,,,,,,,,,,no-price-data
4324,UNUM GROUP,UNMA,,,,,,,,,,,,no-price-data
257,ARCHER-DANIELS-MIDLAND CO,ADM,internal,yfinance,2013-01-01,2018-01-01,0.5898801332509491,0.82820942484419,-0.2383292915932409,0.8920345733873731,0.4841627988804702,-0.16002132674719438,-0.45902539382027174,ok
8115,EBAY INC,EBAY,internal,yfinance,2013-01-01,2018-01-01,0.6732639266654417,0.82820942484419,-0.15494549817874836,0.04721030740452736,-0.36066146710237557,0.5952717632348756,0.29626769616179827,ok
9057,FIDELITY NATIONAL INFO SVCS,FIS,internal,yfinance,2013-01-01,2018-01-01,1.8468598099364013,0.82820942484419,1.0186503850922113,0.8015449774833046,0.3936732029764016,0.5749148747623536,0.2759108076892762,ok
2690,FIRSTENERGY CORP,FE,internal,yfinance,2013-01-01,2018-01-01,-0.08152675597164716,0.82820942484419,-0.9097361808158372,0.025376751082747395,-0.38249502342415553,-0.10905650633315633,-0.4080605734062337,ok
3839,WALGREENS BOOTS ALLIANCE INC,WBA,,,,,,,,,,,,no-price-data
2269,MATTEL INC,MAT,external,yfinance,2013-01-25,2018-01-25,-0.4166783112556436,0.8891055475815628,-1.3057838588372064,-0.18514619451288927,-0.5503323083728441,-0.24651898657807536,-0.6267453639806396,ok
2300,MCDONALD'S CORP,MCD,internal,yfinance,2013-01-28,2018-01-28,1.2088003381718386,0.9150168741951954,0.29378346397664323,0.005132586233299596,-0.3294805685190394,1.1975213702395657,0.7626360123542983,ok
2800,PARKER-HANNIFIN CORP,PH,internal,yfinance,2013-02-01,2018-02-01,1.362361559140194,0.8649457090169168,0.49741585012327727,0.2849759228655002,-0.0334416589634432,0.789582188015393,0.3931499864361898,ok
6506,TRANSOCEAN LTD,RIG,external,yfinance,2013-02-16,2018-02-16,-0.805821403833528,0.7846682922084032,-1.590489696041931,-0.6223239630526112,-0.9920641687383926,-0.4858593684260629,-0.7867058296518247,ok
8181,APTIV PLC,APTV,internal,yfinance,2013-03-01,2018-03-01,1.7818804087719964,0.763713613485594,1.0181667952864024,0.9287480030011921,0.5425669545987277,0.4189276344835826,0.1543188199894885,ok
8395,AGILENT TECHNOLOGIES INC,A,internal,yfinance,2013-03-18,2018-03-18,1.4147776684047764,0.7730881084040391,0.6416895600007373,0.4114372495895473,0.05875376719505021,0.7108643470384568,0.4000712964237272,ok
4597,TIFFANY & CO,TIF,,,,,,,,,,,,no-price-data
7347,ALEXION PHARMACEUTICALS INC,ALXN,,,,,,,,,,,,no-price-data
8476,FRONTIER COMMUNICATIONS CORP,FTR,,,,,,,,,,,,no-price-data
934,CONAGRA BRANDS INC,CAG,external,yfinance,2013-04-06,2018-04-06,0.5558012082454304,0.6662529894369,-0.11045178119146959,0.1670257919007394,-0.16408553944253867,0.3331335254480461,0.08135769708407525,ok
8256,F5 NETWORKS INC,FFIV,external,yfinance,2013-04-22,2018-04-22,1.1973961366831176,0.7088895312500001,0.4885066054331175,0.6858462502375173,0.3367518752375174,0.30343804268837005,0.03674420501670972,ok
4210,HARLEY-DAVIDSON INC,HOG,internal,yfinance,2013-04-30,2018-04-30,-0.14162681521589027,0.6575487383066918,-0.7991755535225821,0.061576564324851146,-0.2438498519707113,-0.19141660278641903,-0.4611539986408364,ok
538,BRISTOL-MYERS SQUIBB CO,CELG-RI,,,,,,,,,,,,no-price-data
2600,NORFOLK SOUTHERN CORP,NSC,internal,yfinance,2013-06-01,2018-06-01,1.2318130734079569,0.6670243254347028,0.5647887479732541,0.2684385102501712,-0.018872010163800246,0.7594964638591599,0.46452971030647117,ok
7288,NETAPP INC,NTAP,internal,yfinance,2013-06-01,2018-06-01,1.000934780524343,0.6670243254347028,0.3339104550896401,-0.08957712812533158,-0.376887648539303,1.1978081200927884,0.9028413665400996,ok
2012,KINDER MORGAN INC,EP-PC,internal,yfinance,2013-06-01,2018-06-01,-0.18097084380762418,0.6670243254347028,-0.847995169242327,0.024699044553326166,-0.26261147586064526,-0.20071248182982682,-0.49567923538251557,ok
1123,DOLLAR GENERAL CORP,DG,internal,yfinance,2013-06-03,2018-06-03,0.7364318700016959,0.6670243254347028,0.06940754456699305,0.423378814711622,0.13464177680338918,0.21993657068269545,-0.073596769633552,ok
500,BOEING CO,BA-PA,,,,,,,,,,,,no-price-data
2614,NISOURCE INC,NI,internal,yfinance,2013-07-01,2018-07-01,1.7084265412737656,0.6832430418952675,1.025183499378498,0.6821495285379175,0.39578951211432933,0.6100985645597525,0.30156672245919025,ok
4706,FASTENAL CO,FAST,external,yfinance,2013-07-20,2018-07-20,0.3804905913955543,0.6524803629027438,-0.2719897715071895,-0.058706916384947516,-0.31393684007993417,0.4665895409469665,0.15011330682534707,ok
5336,CISCO SYSTEMS INC,CSCO,internal,yfinance,2013-07-26,2018-07-26,0.9887646519019857,0.6773208999828764,0.31144375191910934,0.18348419043184117,-0.04587759973162897,0.6917506449885857,0.31944207636822175,ok
4872,DEVON ENERGY CORP,DVN,internal,yfinance,2013-07-31,2018-07-31,-0.12329652423356163,0.6706649770085811,-0.7939615012421427,-0.0745866548918005,-0.32261576528681835,-0.052635797397179274,-0.3912784324874724,ok
8921,MOSAIC CO,MOS,internal,yfinance,2013-08-05,2018-08-05,-0.17233603767554984,0.6638061748210979,-0.8361422124966478,0.11636908471225649,-0.11366481401459083,-0.2586108181795628,-0.6112614862166215,ok
8679,PRINCIPAL FINANCIAL GRP INC,PFG,internal,yfinance,2013-08-18,2018-08-18,0.541728425650184,0.7314859612397144,-0.18975753558953046,0.4494591210081338,0.17555668292429782,0.0636577488145198,-0.29554049861497833,ok
2750,PPG INDUSTRIES INC,PPG,internal,yfinance,2013-09-01,2018-09-01,0.5134922966959052,0.7694676600811912,-0.2559753633852859,0.19287665173922086,0.025731288188155954,0.26877518684704316,-0.24728932006026083,ok
3668,UNITED CONTINENTAL HLDGS INC,UAL,external,yfinance,2013-09-08,2018-09-08,1.8256525415711944,0.7178099064685708,1.1078426351026236,0.8533676135651518,0.6752864390800537,0.5246044664262521,0.06646224017484714,ok
7279,WATERS CORP,WAT,external,yfinance,2013-09-08,2018-09-08,0.867203534106777,0.7178099064685708,0.14939362763820618,0.1984674307951948,0.020386256310096718,0.55799272147752,0.099850495226115,ok
3698,UNION PACIFIC CORP,UNP,internal,yfinance,2013-09-30,2018-09-30,1.3396358266135886,0.7329130242061528,0.6067228024074358,0.18432375810779167,0.04250224013694859,0.9755035821890907,0.45782941251172127,ok
7136,CAMERON INTERNATIONAL CORP,CAM,,,,,,,,,,,,no-price-data
7298,CITRIX SYSTEMS INC,CTXS,,,,,,,,,,,,no-price-data
2964,PROCTER & GAMBLE CO,PG,internal,yfinance,2013-11-01,2018-11-01,0.28377033332775836,0.5555789459825498,-0.2718086126547914,0.0027180679366460847,-0.17763665273927098,0.27661330490779035,-0.025812993703205445,ok
1370,FIFTH THIRD BANCORP,FITBP,,,,,,,,,,,,no-price-data
7758,RALPH LAUREN CORP,RL,external,yfinance,2013-11-02,2018-11-02,-0.1462761307888103,0.5402532769200719,-0.6865294077088822,-0.32958971933856995,-0.5197103603739219,0.27343493057550017,-0.02076434957488882,ok
1715,HP INC,HPQ,internal,yfinance,2013-11-30,2018-11-30,1.1053455072644156,0.5326613828955018,0.5726841243689138,0.05152327795251965,-0.10368238805120722,1.0021863057219735,0.6754430010448675,ok
8480,NRG ENERGY INC,NRG,internal,yfinance,2013-12-03,2018-12-03,0.5179472669007323,0.5543938273895952,-0.036446560488862856,-0.5802095813652444,-0.7219638020780768,2.6159645373455818,2.2545561018075557,ok
2736,OWENS-ILLINOIS INC,OI,internal,yfinance,2013-12-31,2018-12-31,-0.521799724151615,0.3562564205692005,-0.8780561447208155,-0.5131357591122812,-0.618948456641268,-0.0177954433941101,-0.24427477719073498,ok
4123,PRICE (T. ROWE) GROUP,TROW,internal,yfinance,2013-12-31,2018-12-31,0.2759037224073426,0.3562564205692005,-0.08035269816185786,-0.08128012790073835,-0.18709282542972516,0.3887842868707314,0.16230495307410653,ok
2124,LEGGETT & PLATT INC,LEG,internal,yfinance,2013-12-31,2018-12-31,0.3503987469746017,0.3562564205692005,-0.005857673594598767,0.4456560311602751,0.33984333363128827,-0.065892080918599,-0.2923714147152239,ok
3238,SHERWIN-WILLIAMS CO,SHW,internal,yfinance,2013-12-31,2018-12-31,1.233548782858743,0.3562564205692005,0.8772923622895425,0.443440463849329,0.3376277663203422,0.5473785298372293,0.32089919604060446,ok
8257,F5 NETWORKS INC,FFIV,external,yfinance,2013-12-31,2018-12-31,0.7678846995793673,0.3562564205692005,0.41162827901016685,0.06713623633220767,-0.038676461196779144,0.6566626072559036,0.43018327345927876,ok
8104,CROWN CASTLE INTL CORP,CCI,internal,yfinance,2014-01-01,2019-01-01,0.8217386699663556,0.36838291050255934,0.45335575946379625,0.2883173711882805,0.17261743822107323,0.43159784306341864,0.186057088497791,ok
7975,QUANTA SERVICES INC,PWR,internal,yfinance,2014-01-01,2019-01-01,-0.03674789750023444,0.36838291050255934,-0.4051308080027938,-0.35282843503705696,-0.46852836800426423,0.48400568661162247,0.23846493204599484,ok
5908,KIMCO REALTY CORP,KIM-PM,internal,yfinance,2014-01-01,2019-01-01,-0.11625407759496076,0.36838291050255934,-0.4846369880975201,,,-0.11625407759496076,-0.3617948321605884,ok
8758,CME GROUP INC,CME,internal,yfinance,2014-01-01,2019-01-01,2.002928209187019,0.36838291050255934,1.6345452986844597,0.2820535992531057,0.16635366628589843,1.393262604262583,1.1477218496969555,ok
406,BAXTER INTERNATIONAL INC,BAX,external,yfinance,2014-01-01,2019-01-01,0.9013519163675634,0.36838291050255934,0.5329690058650041,0.06703436265836427,-0.048665570308843,0.8288842631085449,0.5833435085429173,ok
782,CHURCH & DWIGHT INC,CHD,internal,yfinance,2014-01-01,2019-01-01,1.1784803053772959,0.36838291050255934,0.8100973948747365,0.34098597587961943,0.22528604291241217,0.6511875473498399,0.40564679278421223,ok
8687,ADVANCE AUTO PARTS INC,AAP,external,yfinance,2014-01-02,2019-01-02,0.44728795730418125,0.3701187000169248,0.07716925728725643,0.37604003369105476,0.2603401007238475,0.03982546595719283,-0.20729525322571862,ok
3320,SOUTHWESTERN ENERGY CO,SWN,,,,,,,,,,,,no-price-data
4018,TJX COMPANIES INC,TJX,internal,yfinance,2014-01-31,2019-01-31,0.8265437272541081,0.5169501396872707,0.3095935875668374,0.2708227120192839,0.18238396422148884,0.4179848900295,0.02367325907110729,ok
2286,MCCORMICK & CO INC,MKC-V,internal,yfinance,2014-02-01,2019-02-01,1.165636326042112,0.5537892786205156,0.6118470474215965,0.4643716992182585,0.3509948564936425,0.47888430730955633,0.08331973384659652,ok
4580,CELGENE CORP,CELG,,,,,,,,,,,,no-price-data
5943,GILEAD SCIENCES INC,GILD,internal,yfinance,2014-03-10,2019-03-10,-0.13363172015504232,0.46127948142309516,-0.5949112015781375,0.11799779514464892,0.05812047997744374,-0.22507156668152006,-0.603796689402507,ok
3275,SMUCKER (JM) CO,SJM,internal,yfinance,2014-04-01,2019-04-01,0.35825548165773324,0.5206361702375604,-0.16238068857982713,0.4293773452896197,0.33006256325289596,-0.04975723441137647,-0.4330154194966763,ok
5920,PERRIGO CO PLC,PRGO,internal,yfinance,2014-04-24,2019-04-24,-0.6529705861117969,0.5581999578545811,-1.211170543966378,-0.1731994282495659,-0.28656521169268023,-0.4875883383364149,-0.8896689811363253,ok
8205,BOOKING HOLDINGS INC,BKNG,internal,yfinance,2014-04-28,2019-04-28,0.6389989650707313,0.5726075853849957,0.06639137968573561,0.15606478720457928,0.04566750089095928,0.4177397177141866,0.001483027637199985,ok
2673,OCCIDENTAL PETROLEUM CORP,OXY-WT,,,,,,,,,,,,no-price-data
311,AVERY DENNISON CORP,AVY,internal,yfinance,2014-05-01,2019-05-01,1.5505784329742158,0.5521372510734324,0.9984411819007835,0.5765640730181028,0.4801464278031482,0.5799474211226983,0.1752736744719008,ok
9531,WEC ENERGY GROUP INC,WEC,internal,yfinance,2014-05-01,2019-05-01,0.8980369576702303,0.5521372510734324,0.3458997065967979,0.27462223915346273,0.17820459393850818,0.4837450151570888,0.07907126850629131,ok
1073,DELTA AIR LINES INC,DAL,internal,yfinance,2014-05-02,2019-05-02,0.6817629656426036,0.5509318800368508,0.13083108560575285,0.154425513519042,0.04795288764721439,0.45679642900136197,0.05510618943052914,ok
2609,EVERSOURCE ENERGY,ES,internal,yfinance,2014-05-04,2019-05-04,0.8207132895596969,0.5629555671350759,0.257757722424621,0.31928425321432363,0.23096058741309844,0.3800765719166923,-0.05603624658425055,ok
6129,EXPRESS SCRIPTS HOLDING CO,ESRX,internal,yfinance,2014-05-04,2019-05-04,0.38156515489051834,0.5629555671350759,-0.18139041224455754,0.08843327653432098,0.0001096107330957885,0.26931543226017296,-0.1667973862407699,ok
9205,TERADATA CORP,TDC,external,yfinance,2014-05-05,2019-05-05,-0.11796363093817852,0.5629555671350759,-0.6809191980732544,-0.41085444342078503,-0.4989179910223831,0.49714507596939694,0.06068893277787568,ok
192,AMETEK INC,AME,internal,yfinance,2014-05-05,2019-05-05,0.7070186390880098,0.5629555671350759,0.14406307195293389,-0.10705786972331921,-0.19512141732491728,0.9116789108820356,0.4752227676905143,ok
107,SKYWORKS SOLUTIONS INC,SWKS,internal,yfinance,2014-05-11,2019-05-11,1.056103380015784,0.5192048428828662,0.5368985371329178,0.545331973050003,0.4568549560129356,0.3305253601643132,-0.06519068997175537,ok
1220,EATON CORP PLC,ETN,internal,yfinance,2014-05-31,2019-05-31,0.20020243128058635,0.42966389111437286,-0.22946145983378652,-0.1039831780596524,-0.19332482135081064,0.33948649388246643,0.027075552908043754,ok
4973,STAPLES INC,SPLS,,,,,,,,,,,,no-price-data
9132,FIRST SOLAR INC,FSLR,internal,yfinance,2014-06-30,2019-06-30,-0.07571063099153363,0.5007218740028461,-0.5764325049943797,-0.31775962274328384,-0.38848098112184226,0.35478549763505285,-0.046813398529171435,ok
960,CMS ENERGY CORP,CMS-PB,internal,yfinance,2014-07-01,2019-07-01,0.3016527648714604,0.5022044872650211,-0.20055172239356067,0.13281315797392956,0.06712183147282724,0.14904453193279088,-0.26056109204942435,ok
2023,KANSAS CITY SOUTHERN,KSU,,,,,,,,,,,,no-price-data
3084,ROCKWELL AUTOMATION,ROK,internal,yfinance,2014-07-01,2019-07-01,0.45650662023553545,0.5022044872650211,-0.04569786702948564,-0.03223504570516511,-0.09792637220626743,0.5050210423220209,0.09541541833980571,ok
8505,ILLUMINA INC,ILMN,internal,yfinance,2014-07-05,2019-07-05,1.1221073806215083,0.5121026851024224,0.6100046955190859,-0.22113010466842808,-0.2772067729590778,1.7245980276566066,1.2927865593189056,ok
3365,STANLEY BLACK & DECKER INC,SWK,internal,yfinance,2014-07-31,2019-07-31,0.9094181871487999,0.54370234943,0.3657158377187999,0.45256562525541066,0.32673881477954536,0.3104231239448003,-0.06249231991384585,ok
9043,VIACOM INC,VIAB,,,,,,,,,,,,no-price-data
7707,CARMAX INC,KMX,internal,yfinance,2014-08-31,2019-08-31,0.6052428115788853,0.46156377635408075,0.14367903522480452,0.1362760129002647,0.05203708557388542,0.4127226073193395,0.06471365881373159,ok
1609,GRAINGER (W W) INC,GWW,internal,yfinance,2014-09-01,2019-09-01,0.22894441512983077,0.46156377635408075,-0.23261936122424998,-0.0371499027065485,-0.12134395931120778,0.2763611060375484,-0.07170363149774106,ok
2994,PULTEGROUP INC,PHM,internal,yfinance,2014-09-08,2019-09-08,1.0081703725300808,0.4882090304487219,0.5199613420813589,0.16039612282321913,0.07058527404808168,0.7305903846388635,0.36502402776018794,ok
9126,HANESBRANDS INC,HBI,,,,,,,,,,,,no-price-data
1755,HORMEL FOODS CORP,HRL,internal,yfinance,2014-10-31,2019-10-31,0.6660981692735668,0.505195602238731,0.16090256703483585,0.4757078481422139,0.42214136024544535,0.1290162692914032,-0.2996506630097069,ok
4778,WASTE MANAGEMENT INC,WM,internal,yfinance,2014-11-11,2019-11-11,1.538931945754098,0.5134775692634757,1.0254543764906223,0.4511238684522354,0.3899525601218261,0.7496314414992811,0.32339841259775426,ok
4735,PIONEER NATURAL RESOURCES CO,PXD,,,,,,,,,,,,no-price-data
9272,VISA INC,V,external,yfinance,2014-12-01,2019-12-01,1.9598002610207814,0.5296186253773383,1.4301816356434431,0.18593634185490915,0.11890728785467841,1.4957496929315717,1.0622192565832025,ok
7348,ALEXION PHARMACEUTICALS INC,ALXN,,,,,,,,,,,,no-price-data
1320,EXXON MOBIL CORP,XOM,internal,yfinance,2014-12-31,2019-12-31,-0.08829539692386479,0.5691778049137379,-0.6574732018376027,0.04546973348495165,-0.04192168150148179,-0.1339920804921395,-0.5649146554893929,ok
8763,NASDAQ INC,NDAQ,internal,yfinance,2014-12-31,2019-12-31,1.4504619482006298,0.5691778049137379,0.8812841432868919,0.44983709939832384,0.3624456844118904,0.7013166342624255,0.2703940592651721,ok
3659,TYSON FOODS INC -CL A,TSN,internal,yfinance,2014-12-31,2019-12-31,1.4285052519037706,0.5691778049137379,0.8593274469900327,0.5704615846578405,0.48307016967140703,0.5241251369055051,0.09320256190825171,ok
8890,EXTRA SPACE STORAGE INC,EXR,external,yfinance,2014-12-31,2019-12-31,1.1247239723779532,0.5691778049137379,0.5555461674642153,0.40978529817361586,0.32239388318718243,0.5108419368443013,0.07991936184704795,ok
4000,XEROX CORP,XRXDW,,,,,,,,,,,,no-price-data
2140,LILLY (ELI) & CO,LLY,internal,yfinance,2014-12-31,2019-12-31,1.1581948497490107,0.5691778049137379,0.5890170448352727,0.12390691187214409,0.03651549688571065,0.8932330885946456,0.46231051359739217,ok
3788,VF CORP,VFC,internal,yfinance,2014-12-31,2019-12-31,0.5894998150902089,0.5691778049137379,0.02032201017647095,-0.25552297923725065,-0.3429143942236841,1.1330563282744697,0.7021337532772163,ok
8255,REYNOLDS AMERICAN INC,RAI,,,,,,,,,,,,no-price-data
698,CATERPILLAR INC,CAT,internal,yfinance,2015-01-01,2020-01-01,0.8805319818920665,0.5697114497827918,0.31082053210927474,0.09042029832243648,0.0026590840389166814,0.7016580056025961,0.27073543060534266,ok
1295,EQT CORP,EQT,internal,yfinance,2015-01-01,2020-01-01,-0.7372462133865985,0.5697114497827918,-1.3069576631693902,-0.15349395767610874,-0.24125517195962853,-0.68315867593681,-1.1140812509340634,ok
1362,MACY'S INC,M,internal,yfinance,2015-01-01,2020-01-01,-0.6676088755730603,0.5697114497827918,-1.237320325355852,-0.4179092349686129,-0.5056704492521327,-0.41956917988539344,-0.8504917548826468,ok
2242,HOST HOTELS & RESORTS INC,HST,internal,yfinance,2015-01-01,2020-01-01,-0.01533293672016034,0.5697114497827918,-0.5850443865029521,-0.12818715453489737,-0.21594836881841717,0.11232596285940599,-0.3185966121378474,ok
5820,BIOGEN INC,BIIB,external,yfinance,2015-01-06,2020-01-06,-0.13088297801229654,0.6210245894319675,-0.751907567444264,-0.11848198003777377,-0.2554881855017005,-0.014067775920285963,-0.43976323971113584,ok
4598,TIFFANY & CO,TIF,,,,,,,,,,,,no-price-data
302,AUTODESK INC,ADSK,internal,yfinance,2015-02-08,2020-02-08,2.6102196364834347,0.625858671260163,1.9843609652232717,0.44628531713446384,0.32515125378319554,1.4962015403961857,1.046010413029862,ok
2270,MATTEL INC,MAT,external,yfinance,2015-02-08,2020-02-08,-0.4136499295535575,0.625858671260163,-1.0395086008137207,0.03761620803535837,-0.08351785531590994,-0.43490660043114737,-0.8850977277974711,ok
1708,HERSHEY CO,HSY,internal,yfinance,2015-03-01,2020-03-01,0.5840003681671526,0.39521775420684535,0.18878261396030727,0.1195134343472457,-0.012049519332574254,0.41490072344753504,0.1819001646455478,ok
617,CSX CORP,CSX,external,yfinance,2015-03-06,2020-03-06,1.2402806528360788,0.43505407489803316,0.8052265779380456,0.5509008067001067,0.40410607914558305,0.4445028612776236,0.1931419678087405,ok
102,HONEYWELL INTERNATIONAL INC,HON,internal,yfinance,2015-03-31,2020-03-31,0.46959112666354996,0.24986833059486946,0.2197227960686805,0.2560952358818185,0.11351990864453354,0.1699679169882773,0.07606338325655737,ok
1197,FLOWSERVE CORP,FLS,external,yfinance,2015-03-31,2020-03-31,-0.5654749781445876,0.24986833059486946,-0.815343308739457,-0.11479083015786062,-0.25736615739514557,-0.5091272925551573,-0.6030318262868772,ok
8258,F5 NETWORKS INC,FFIV,external,yfinance,2015-04-01,2020-04-01,-0.06718572713851312,0.1994523788921696,-0.2666381060306827,0.24722255593732556,0.1000984557487401,-0.24386616066610645,-0.29120294821800286,ok
6146,STARBUCKS CORP,SBUX,internal,yfinance,2015-04-03,2020-04-03,0.5027607501151898,0.1961096991159581,0.30665105099923173,0.27232792755590296,0.13860819255727574,0.1811111880582077,0.12607998220431438,ok
850,COCA-COLA CO,KO,internal,yfinance,2015-04-30,2020-04-30,0.36801807000830933,0.39650728982496286,-0.028489219816653533,0.13556839439031587,-0.007653138955293626,0.20274812021808963,-0.016693848174771153,ok
7759,RALPH LAUREN CORP,RL,external,yfinance,2015-05-01,2020-05-01,-0.3937900760324329,0.3426568017160678,-0.7364468777485007,-0.393336709584847,-0.5261647521567439,-0.0007473114901607181,-0.18597291613514255,ok
2373,MICRON TECHNOLOGY INC,MU,external,yfinance,2015-05-08,2020-05-08,0.7141282197291032,0.38452810057194964,0.3296001191571536,0.03237670551689997,-0.10149209656387348,0.6603708806766009,0.4393053587827196,ok
166,AMERICAN INTERNATIONAL GROUP,AIG,external,yfinance,2015-05-14,2020-05-14,-0.523520299159393,0.3448210214840517,-0.8683413206434447,0.07505666303792857,-0.05214139092737957,-0.5627371515431456,-0.7501309703643271,ok
1455,FORD MOTOR CO,F-PD,,,,,,,,,,,,no-price-data
8815,LKQ CORP,LKQ,internal,yfinance,2015-05-31,2020-05-31,-0.04685872246840417,0.4416189980491687,-0.4884777205175729,0.09302316294982815,-0.04907363500005335,-0.12797705497907474,-0.3902334597224765,ok
1498,TEGNA INC,TGNA,,,,,,,,,,,,no-price-data
1644,HALLIBURTON CO,HAL,internal,yfinance,2015-06-01,2020-06-01,-0.7119476389089652,0.44702684942250825,-1.1589744883314734,0.03599021232305577,-0.11475352909711334,-0.7219545535617371,-0.979425524150451,ok
6237,PATTERSON COMPANIES INC,PDCO,,,,,,,,,,,,no-price-data
1532,GENERAL MILLS INC,GIS,internal,yfinance,2015-06-01,2020-06-01,0.3382744463288707,0.44702684942250825,-0.10875240309363754,0.08651584553909286,-0.06422789588107625,0.2317118538339067,-0.025759116754807243,ok
6534,FLIR SYSTEMS INC,FLIR,,,,,,,,,,,,no-price-data
1559,GENUINE PARTS CO,GPC,internal,yfinance,2015-06-30,2020-06-30,0.12844695269420803,0.5027264070441284,-0.3742794543499204,0.09595914374110559,-0.07868001070409347,0.029643266483642794,-0.24966570372848174,ok
7299,CITRIX SYSTEMS INC,CTXS,,,,,,,,,,,,no-price-data
4371,CERNER CORP,CERN,,,,,,,,,,,,no-price-data
8648,ZIMMER BIOMET HOLDINGS INC,ZBH,external,yfinance,2015-07-11,2020-07-11,0.1566657190271028,0.5169746098878112,-0.3603088908607084,0.19530835457545592,0.04007406400533475,-0.03232859153074186,-0.34546015477335223,ok
1524,GENERAL ELECTRIC CO,GE,internal,yfinance,2015-07-31,2020-07-31,-0.7202266050045996,0.5548330578999594,-1.275059662904559,0.045553653053062027,-0.12863257100778092,-0.73241603223474,-1.0565953029833572,ok
4970,SIGNET JEWELERS LTD,SIG,external,yfinance,2015-08-01,2020-08-01,-0.8974874776827602,0.5591314065908799,-1.45661888427364,-0.48132063716631635,-0.6616365756375364,-0.8023585867053075,-1.123302713419645,ok
8386,EXPEDIA GROUP INC,EXPE,internal,yfinance,2015-08-30,2020-08-30,-0.08201203112061861,0.7787473325089183,-0.8607593636295369,0.269096420589108,0.02296776044658233,-0.27666018595083886,-0.7040788702345904,ok
3713,UNITEDHEALTH GROUP INC,UNH,internal,yfinance,2015-09-01,2020-09-01,2.005100157601332,0.8426992435831044,1.1624009140182276,0.8343115713874534,0.5402968469209166,0.6382713844673109,0.2142541698697218,ok
7059,DOLLAR TREE INC,DLTR,internal,yfinance,2015-09-18,2020-09-18,0.32843209135035023,0.6953110631787096,-0.3668789718283594,0.24816204856507285,-0.030607980353551723,0.06431059402708028,-0.2614250932663791,ok
1289,EQUIFAX INC,EFX,external,yfinance,2015-09-26,2020-09-26,0.7406285579905312,0.7528496716932223,-0.012221113702691078,0.13752747667200604,-0.18932971733971993,0.5301859459984044,0.20913219612686262,ok
3916,WHIRLPOOL CORP,WHR-PA,,,,,,,,,,,,no-price-data
8791,SEAGATE TECHNOLOGY PLC,STX,internal,yfinance,2015-10-01,2020-10-01,0.5638668626548708,0.7573370394404595,-0.19347017678558864,-0.10192040551671211,-0.4114816834739218,0.6889015212028795,0.3521520224927379,ok
4608,DENTSPLY SIRONA INC,XRAY,external,yfinance,2015-10-02,2020-10-02,-0.11604976675086665,0.715941675042465,-0.8319914417933316,0.11695852285258912,-0.17912222912196096,-0.20860961695191527,-0.5325561939134712,ok
3963,WEC ENERGY GROUP INC,WEC,external,yfinance,2015-10-12,2020-10-12,1.2103587648100773,0.7518166601238505,0.4585421046862268,0.33046937393459186,0.06604282717168841,0.6613375761317919,0.27587420966837084,ok
8611,MONDELEZ INTERNATIONAL INC,MDLZ,external,yfinance,2015-11-19,2020-11-19,0.4332346785001664,0.7210269521988832,-0.28779227369871685,-0.017365964942571255,-0.2564590583660922,0.46514507892590484,0.07797386969633857,ok
9053,CHIPOTLE MEXICAN GRILL INC,CMG,external,yfinance,2015-11-29,2020-11-29,1.239271965775342,0.7488621239875002,0.49040984178784175,-0.47892327031233395,-0.7412081945832162,3.2973939118669984,2.9119205608344068,ok
7139,DISH NETWORK CORP,DISH,,,,,,,,,,,,no-price-data
1397,M & T BANK CORP,MTB-PH,,,,,,,,,,,,no-price-data
618,CSX CORP,CSX,external,yfinance,2015-12-16,2020-12-16,2.7034049349501315,0.7853568860815694,1.918048048868562,1.0870608982966634,0.7963133739202284,0.7526059518447559,0.3767881407121514,ok
8041,L3 TECHNOLOGIES INC,LLL,,,,,,,,,,,,no-price-data
3175,SCANA CORP,SCG,internal,yfinance,2015-12-31,2020-12-31,-0.11331961677452462,0.837661661318269,-0.9509812780927936,-0.29159445934841244,-0.5996613224003698,0.2809596387323272,-0.11233958737068028,ok
3202,SEALED AIR CORP,SEE,,,,,,,,,,,,no-price-data
767,CHEVRON CORP,CVX,internal,yfinance,2016-01-01,2021-01-01,0.17883918425100664,0.8662218181771866,-0.6873826339261799,0.5302143635964753,0.20181808105610322,-0.24405628816020808,-0.6373555142632156,ok
2629,NORTHERN TRUST CORP,NTRSO,internal,yfinance,2016-01-01,2021-01-01,0.16538040930431364,0.8662218181771866,-0.7008414088728729,,,0.16538040930431364,-0.22791881679869386,ok
3464,SYSCO CORP,SYY,internal,yfinance,2016-01-01,2021-01-01,1.0793928043648195,0.8662218181771866,0.21317098618763297,0.5755543419960645,0.24715805945569236,0.32480232099000883,-0.06849690511299866,ok
660,CARDINAL HEALTH INC,CAH,internal,yfinance,2016-01-01,2021-01-01,-0.2825950388711188,0.8662218181771866,-1.1488168570483053,-0.2688032152429758,-0.5971994977833479,-0.049275290835668395,-0.4425745169386759,ok
5921,PERRIGO CO PLC,PRGO,external,yfinance,2016-01-15,2021-01-15,-0.673522981011439,1.004036572339969,-1.6775595533514078,-0.3579656381550086,-0.8397481206723164,-0.48623535301421383,-0.8434688068986635,ok
8517,EQUINIX INC,EQIX,internal,yfinance,2016-01-19,2021-01-19,1.643393000502281,1.0192682840579539,0.6241247164443271,0.5437610313842605,0.049977317483500316,0.7123071166863191,0.36052622279440416,ok
5487,XILINX INC,XLNX,,,,,,,,,,,,no-price-data
6308,HEWLETT PACKARD ENTERPRISE,HPE-PC,,,,,,,,,,,,no-price-data
146,AMERICAN EXPRESS CO,AXP,internal,yfinance,2016-02-01,2021-02-01,1.3048551711420342,0.9459105992226167,0.35894457191941753,0.8920721320185128,0.436978249765525,0.2181645361919442,-0.11914477625576891,ok
8761,WYNN RESORTS LTD,WYNN,internal,yfinance,2016-02-06,2021-02-06,1.1967517854961067,1.0970898442902701,0.0996619412058366,1.8863906876520309,1.4322621602753862,-0.238927774090388,-0.6810904198322848,ok
1296,EQT CORP,EQT,internal,yfinance,2016-03-15,2021-03-15,-0.4380714520319787,0.9687885172901702,-1.406859969322149,-0.20223780164390304,-0.5650480207126134,-0.2956189837949762,-0.740272457728831,ok
8731,TRANSDIGM GROUP INC,TDG,internal,yfinance,2016-04-01,2021-04-01,2.5312782016572317,0.9393616593995813,1.5919165422576504,0.6463450431686599,0.3722734678634252,1.1867398661740416,0.6297851279045894,ok
479,BLOCK H & R INC,HRB,external,yfinance,2016-04-09,2021-04-09,0.17083241542167427,1.0219490910499545,-0.8511166756282802,0.13741928549479954,-0.1422931149609159,0.02937626463080356,-0.5506264690536733,ok
2132,LENNAR CORP,LEN-B,internal,yfinance,2016-04-12,2021-04-12,1.3502172725821797,1.0022070373442609,0.34801023523791885,0.228177891240539,-0.06394229389103012,0.9135805076317638,0.36402880154152295,ok
2271,MATTEL INC,MAT,external,yfinance,2016-04-26,2021-04-26,-0.2960656707427256,1.002017600488725,-1.2980832712314505,-0.5324939687667491,-0.8075047273184701,0.5057224553880963,-0.06447417790369459,ok
2834,PENTAIR PLC,PNR,internal,yfinance,2016-04-30,2021-04-30,0.80740969438496,1.008796865229721,-0.201387170844761,0.18990679040427705,-0.08231958079087476,0.5189506513958821,-0.06001116759441438,ok
980,COOPER COMPANIES INC,COO,internal,yfinance,2016-04-30,2021-04-30,1.6393186315972499,1.008796865229721,0.6305217663675289,0.4801235753218256,0.20789720412667378,0.7831745102927494,0.2042126913024529,ok
1140,DOVER CORP,DOV,external,yfinance,2016-04-30,2021-04-30,2.173497819092928,1.008796865229721,1.164700953863207,0.47931060301873507,0.20708423182358326,1.145254561561969,0.5662927425716724,ok
2768,SEMPRA ENERGY,SREA,internal,yfinance,2016-05-01,2021-05-01,0.19924590341957282,1.008796865229721,-0.8095509618101482,,,0.19924590341957282,-0.37570130351627196,ok
6461,O'REILLY AUTOMOTIVE INC,ORLY,internal,yfinance,2016-05-07,2021-05-07,1.1004526410198645,1.05596773585295,0.0444849051669145,-0.015045559637852923,-0.31326430985279785,1.1325378666728705,0.5488542728928967,ok
4001,XEROX CORP,XRXDW,,,,,,,,,,,,no-price-data
6102,KOHL'S CORP,KSS,internal,yfinance,2016-05-16,2021-05-16,1.09303856332855,1.0196114867279404,0.07342707660060954,0.9584261347947827,0.6411024934034082,0.06873500416592071,-0.46438216102425267,ok
2875,ALTRIA GROUP INC,MO,internal,yfinance,2016-05-17,2021-05-17,0.04795695352607332,1.0336409642887636,-0.9856840107626903,-0.06849345080858005,-0.39719443151641276,0.1250129743432682,-0.4055352782856956,ok
650,CAMPBELL SOUP CO,CPB,external,yfinance,2016-05-18,2021-05-18,-0.09610476579100036,1.0159062273368273,-1.1120109931278277,-0.42888255261417163,-0.7538142855120741,0.5826783761315515,0.06116132186972956,ok
2400,3M CO,MMM,internal,yfinance,2016-06-01,2021-06-01,0.39455294388991824,1.0016099816068555,-0.6070570377169373,0.2419884501693792,-0.06062715358070103,0.12283889894445688,-0.4137694265235101,ok
3562,TEXAS INSTRUMENTS INC,TXN,internal,yfinance,2016-06-01,2021-06-01,2.544805677845761,1.0016099816068555,1.5431956962389055,0.9744624712155092,0.671846867465429,0.7953269456995677,0.25871862023160075,ok
1857,INTEL CORP,INTC,internal,yfinance,2016-06-21,2021-06-21,0.9601286529476876,1.0224952063630606,-0.062366553415373005,0.7069845235291687,0.39061699118336857,0.1482990184908921,-0.38812235066801093,ok
1380,REGIONS FINANCIAL CORP,RF-PF,,,,,,,,,,,,no-price-data
2195,LOWE'S COMPANIES INC,LOW,external,yfinance,2016-07-02,2021-07-02,1.700417158588051,1.0839049780933312,0.6165121804947198,0.24041797296231193,-0.06513367635892098,1.1770219534460895,0.5808346412269438,ok
3563,TEXAS INSTRUMENTS INC,TXN,internal,yfinance,2016-07-17,2021-07-17,2.25604566058021,0.9969451013967423,1.2591005591834676,0.865788350570311,0.5692065268001263,0.7451313058016158,0.2049700411696238,ok
420,VERIZON COMMUNICATIONS INC,VZ,internal,yfinance,2016-08-01,2021-08-01,0.2778348652660627,1.0246815000987994,-0.7468466348327367,0.04287867568971149,-0.25309891525093575,0.2252958038680406,-0.3369854533481771,ok
6589,BORGWARNER INC,BWA,internal,yfinance,2016-08-01,2021-08-01,0.6028559026998042,1.0246815000987994,-0.4218255973989953,0.3715053124168828,0.07552772147623554,0.16868369971913033,-0.39359755749708736,ok
9962,SMITH (A.O.),AOS,internal,yfinance,2016-09-01,2021-09-01,0.6326868324938701,1.0840080059893094,-0.4513211734954392,0.23197174524170072,-0.10460448535526323,0.33306657271234363,-0.22873087043224216,ok
5971,ROPER TECHNOLOGIES INC,ROP,internal,yfinance,2016-09-01,2021-09-01,1.7539079207409287,1.0840080059893094,0.6698999147516194,0.6721843931003813,0.3356081625034173,0.6505434997842228,0.08874605663963697,ok
3660,TYSON FOODS INC -CL A,TSN,internal,yfinance,2016-09-30,2021-09-30,0.19384042787807187,0.9866252820272499,-0.792784854149178,-0.17710058243926396,-0.5210199071637336,0.46753658540921217,-0.005333085078296884,ok
8120,GOLDMAN SACHS GROUP INC,GS-PD,internal,yfinance,2016-10-01,2021-10-01,0.3268608128278141,1.01602819614167,-0.6891673833138559,0.03225395736490699,-0.3209711740278707,0.2854015267860699,-0.20439359257201994,ok
1525,GENERAL ELECTRIC CO,GE,external,yfinance,2016-10-01,2021-10-01,-0.5105029208578126,1.01602819614167,-1.5265311169994824,-0.5637398302814861,-0.9169649616742638,0.12203018546942612,-0.3677649338886637,ok
2847,PEPSICO INC,PEP,internal,yfinance,2016-10-03,2021-10-03,0.6163074914910682,1.01602819614167,-0.3997207046506017,0.05436343799054799,-0.29928734669474477,0.5329699734007258,0.04364331770025154,ok
9534,PERRIGO CO PLC,PRGO,external,yfinance,2016-10-08,2021-10-08,-0.46450060880876687,1.0295887626206635,-1.4940893714294303,-0.20130433878247844,-0.5344297137535217,-0.3295326152455559,-0.8519616385958527,ok
6959,REALTY INCOME CORP,O,internal,yfinance,2016-10-16,2021-10-16,0.38253343833155506,1.1026899210851164,-0.7201564827535614,0.006951256426315,-0.3144312603265653,0.3729894366865252,-0.2182908280563396,ok
4142,COTY INC,COTY,external,yfinance,2016-11-12,2021-11-12,-0.3265862412866156,1.1637788574574968,-1.4903650987441124,-0.4964106653562813,-0.756100172893201,0.33722799985391605,-0.3804800897278966,ok
8615,PRUDENTIAL FINANCIAL INC,PRS,internal,yfinance,2016-12-01,2021-12-01,0.257740717524775,1.0597330440448802,-0.8019923265201052,-0.03795635446327805,-0.29768663517350846,0.3046091841220966,-0.31275333394103844,ok
6819,MACERICH CO,MAC,internal,yfinance,2016-12-01,2021-12-01,-0.6169098011969636,1.0597330440448802,-1.6766428452418438,-0.17593398579080088,-0.4356642665010313,-0.5383349838545438,-1.155697501917679,ok
2103,LAM RESEARCH CORP,LRCX,internal,yfinance,2016-12-05,2021-12-05,6.0154107470239415,1.0585157486435954,4.956894998380346,0.518557675671077,0.2938795518213466,3.745321293353558,3.061896059955406,ok
544,BROWN FORMAN CORP,BF-B,internal,yfinance,2016-12-31,2021-12-31,1.1976882908061688,1.1109560998227521,0.08673219098341667,0.37992008562073765,0.26962834048726547,0.592619973944049,-0.3086425627498419,ok
3371,STATE STREET CORP,STT-PG,internal,yfinance,2016-12-31,2021-12-31,0.45243888117060305,1.1109560998227521,-0.6585172186521491,0.05072975282605863,-0.05956199230741355,0.38231441268708855,-0.5189481240068023,ok
5944,GILEAD SCIENCES INC,GILD,external,yfinance,2016-12-31,2021-12-31,0.18350278142444987,1.1109560998227521,-0.9274533183983023,-0.10444908467626779,-0.21474082980973996,0.3215360078065759,-0.579726528887315,ok
2633,NORTHROP GRUMMAN CORP,NOC,internal,yfinance,2016-12-31,2021-12-31,0.7738653285069188,1.1109560998227521,-0.3370907713158333,0.07443584218108734,-0.03585590295238483,0.6509737099853268,-0.2502888267085641,ok
5482,HCA HEALTHCARE INC,HCA,internal,yfinance,2016-12-31,2021-12-31,2.602337256229319,1.1109560998227521,1.4913811564065669,0.6913391549043391,0.5810474097708669,1.1298727968212057,0.22861026012731478,ok
6585,EQUITY RESIDENTIAL,EQR,internal,yfinance,2016-12-31,2021-12-31,0.6680059929002968,1.1109560998227521,-0.4429501069224553,0.10683572226286175,-0.00345602287061042,0.5070041193558108,-0.3942584173380801,ok
2860,PFIZER INC,PFE,internal,yfinance,2017-01-01,2022-01-01,1.2773940634582321,1.1109560998227521,0.16643796363548002,0.423877265616764,0.3135855204832918,0.6142238714813337,-0.28462997494710196,ok
3906,WEYERHAEUSER CO,WY,internal,yfinance,2017-01-01,2022-01-01,0.6244741600082995,1.1109560998227521,-0.48648193981445265,-0.22220277225462126,-0.33249451738809344,1.1205695853694424,0.2217157389410067,ok
2068,KIMBERLY-CLARK CORP,KMB,internal,yfinance,2017-01-01,2022-01-01,0.46717137157056055,1.1109560998227521,-0.6437847282521916,0.06382585908284577,-0.046465886050626404,0.40567080284115753,-0.49318304358727816,ok
3393,PUBLIC STORAGE,PSA-PS,,,,,,,,,,,,no-price-data
6396,INTUIT INC,INTU,internal,yfinance,2017-01-01,2022-01-01,4.8391592073180005,1.1109560998227521,3.7282031074952484,0.7499914465611497,0.6396997014276775,2.377514218492928,1.4786603720644922,ok
9163,BROADRIDGE FINANCIAL SOLUTNS,BR,internal,yfinance,2017-01-02,2022-01-02,2.0134573077818367,1.1109560998227521,0.9025012079590846,0.4903250103181396,0.3786248635199745,1.0220135117631517,0.123159665334716,ok
8619,ACCENTURE PLC,ACN,internal,yfinance,2017-01-10,2022-01-10,2.485684890331061,1.0583940411994988,1.4272908491315621,0.32705062764747206,0.1826017738677954,1.6266404745313339,0.8280506691403713,ok
2762,PG&E CORP,PCG-PX,,,,,,,,,,,,no-price-data
3964,WEC ENERGY GROUP INC,WEC,internal,yfinance,2017-02-01,2022-02-01,0.9756377593793475,0.9944901150118608,-0.018852355632513307,0.3612719387685741,0.17396305266262857,0.4513174797142572,-0.22852349372716385,ok
4736,PIONEER NATURAL RESOURCES CO,PXD,,,,,,,,,,,,no-price-data
654,CONSTELLATION BRANDS -CL A,STZ,internal,yfinance,2017-03-01,2022-03-01,0.44897187619116496,0.7973003872485545,-0.3483285110573895,0.10470415620364304,-0.06546979791753182,0.31163793315543487,-0.22428788447085535,ok
8067,COGNIZANT TECH SOLUTIONS,CTSH,external,yfinance,2017-03-31,2022-03-31,0.6282731006447144,0.9174553956564684,-0.28918229501175396,0.24158025680720718,0.041945963497256766,0.2865901893931291,-0.2934970210230745,ok
2311,MCKESSON CORP,MCK,internal,yfinance,2017-03-31,2022-03-31,1.1775353906573152,0.9174553956564684,0.2600799950008468,-0.19445353991664782,-0.39408783322659824,1.6626900636002446,1.082602853184041,ok
7240,DAVITA INC,DVA,internal,yfinance,2017-04-29,2022-04-29,0.5910538614476366,0.7300498844887862,-0.13899602304114955,-0.1871742901338943,-0.419428598804391,0.9574354528103277,0.5534639898455351,ok
861,COLGATE-PALMOLIVE CO,CL,internal,yfinance,2017-04-29,2022-04-29,0.2722867387681529,0.7300498844887862,-0.45776314572063326,0.04312128782421798,-0.1891330208462787,0.21969204695451738,-0.1842794160102752,ok
8463,METLIFE INC,MET-PF,internal,yfinance,2017-04-30,2022-04-30,-0.0077632021325200196,0.7300498844887862,-0.7378130866213062,,,-0.0077632021325200196,-0.41040017242620186,ok
1445,FLUOR CORP,FLR,internal,yfinance,2017-05-01,2022-05-01,-0.4805180164310979,0.7300498844887862,-1.2105679009198842,-0.206749147763303,-0.4309224759173724,-0.3451226908812767,-0.7583620130428924,ok
8927,CELANESE CORP,CE,external,yfinance,2017-05-01,2022-05-01,0.8593676302084134,0.7300498844887862,0.1293177457196273,0.25641843131341413,0.0322451031593447,0.47989521951273684,0.0666558973511211,ok
7882,C H ROBINSON WORLDWIDE INC,CHRW,internal,yfinance,2017-05-07,2022-05-07,0.6789127512957034,0.7185022985675416,-0.039589547271838166,0.20805440946702847,0.006056314256067008,0.38976584013000615,-0.03993883695263856,ok
444,BEST BUY CO INC,BBY,internal,yfinance,2017-06-11,2022-06-11,0.45037230190094313,0.6056953720517013,-0.1553230701507582,0.2060950936182555,0.01825777713023302,0.20253561230388728,-0.1492449301689862,ok
1691,KRAFT HEINZ CO,KHC,external,yfinance,2017-06-25,2022-06-25,-0.4580630340825801,0.6037833602974687,-1.0618463943800487,-0.6248310154821597,-0.8209343667790157,0.44451430763634825,0.1036741882949952,ok
2570,NEWELL BRANDS INC,NWL,external,yfinance,2017-06-28,2022-06-28,-0.5405031003573064,0.5657662958311969,-1.1062693961885033,-0.6868566250667072,-0.8921551596567558,0.46736905974963583,0.16829978280593494,ok
2754,PACCAR INC,PCAR,internal,yfinance,2017-06-30,2022-06-30,0.5172618795008197,0.5620056119674961,-0.0447437324666764,0.18231413555139375,-0.03157873295019198,0.2729949927680344,-0.003981518972800746,ok
7155,WABTEC CORP,WAB,external,yfinance,2017-07-01,2022-07-01,-0.08460731226491114,0.5748515085345844,-0.6594588207994956,-0.1974348927131765,-0.4178210031891182,0.14058371018607296,-0.1498697741791366,ok
1083,DTE ENERGY CO,DTG,internal,yfinance,2017-07-01,2022-07-01,-0.2233265272270929,0.5748515085345844,-0.7981780357616773,,,-0.2233265272270929,-0.5137800115923025,ok
8539,TAPESTRY INC,TPR,external,yfinance,2017-09-03,2022-09-03,-0.04342111463087528,0.5966230054093657,-0.640044120040241,-0.4716150935133844,-0.6540590604186903,0.8103826843383832,0.460108971506096,ok
921,DXC TECHNOLOGY COMPANY,DXC,external,yfinance,2017-09-12,2022-09-12,-0.6213872434598784,0.6464823224731855,-1.2678695659330639,-0.5519698030493797,-0.7574952195977972,-0.15493920026589103,-0.5207190501734004,ok
8116,EBAY INC,EBAY,external,yfinance,2017-09-24,2022-09-24,0.06688639885959047,0.4792683467042247,-0.4123819478446342,0.058779655313291324,-0.12944789753343677,0.007656686172252014,-0.23728023113809615,ok
986,MOLSON COORS BREWING CO,TAP-A,internal,yfinance,2017-09-27,2022-09-27,-0.2409209884050476,0.45481922196439784,-0.6957402103694454,-0.22476655924673905,-0.4061557644107908,-0.02083814798109318,-0.25228601935585904,ok
1278,ATMOS ENERGY CORP,ATO,internal,yfinance,2017-09-30,2022-09-30,0.3880671137752507,0.41773421231367913,-0.029667098538428416,0.40416419890037303,0.22717779560346307,-0.011463819642836715,-0.2160097756049444,ok
2576,NEWMONT MINING CORP,NEMCL,,,,,,,,,,,,no-price-data
4881,LABORATORY CP OF AMER HLDGS,LH,external,yfinance,2017-10-31,2022-10-31,0.46750620442438384,0.5035297274006674,-0.03602352297628353,0.0719534482737656,-0.10756242471577337,0.3690018039380365,0.09430108830468109,ok
2301,MCDONALD'S CORP,MCD,internal,yfinance,2017-11-01,2022-11-01,0.8452717816956563,0.49498322725883503,0.3502885544368213,0.22353927551175645,0.03451960226620243,0.5081426633598294,0.2508184483801721,ok
5719,IDEXX LABS INC,IDXX,internal,yfinance,2017-11-01,2022-11-01,1.2587288386599673,0.49498322725883503,0.7637456114011323,0.7386962168189144,0.5496765435733604,0.29909343381013076,0.041769218830473465,ok
1716,HP INC,HPQ,internal,yfinance,2017-11-01,2022-11-01,0.49372546679445084,0.49498322725883503,-0.0012577604643841944,-0.12421216341322716,-0.3132318366587812,0.7055791418798187,0.44825492690016144,ok
1068,DEERE & CO,DE,internal,yfinance,2017-11-04,2022-11-04,2.14608814828861,0.4551760117618815,1.6909121365267286,0.37271528718655,0.18471230827374008,1.2918723042246278,1.066979742849426,ok
8883,ALPHABET INC,GGLBP,,,,,,,,,,,,no-price-data
8387,EXPEDIA GROUP INC,EXPE,external,yfinance,2017-12-04,2022-12-04,-0.1297986498610948,0.5426378480135223,-0.6724364978746171,-0.11738440130036809,-0.296710348799366,-0.014065294765939762,-0.32213271351900097,ok
511,ROBERT HALF INTL INC,RHI,internal,yfinance,2017-12-15,2022-12-15,0.5094724049793953,0.45591425201808966,0.053558152961305616,0.1595282057038767,-0.024711325293873543,0.29674978134304464,0.07606637423853657,ok
501,BOEING CO,BA-PA,,,,,,,,,,,,no-price-data
2659,NUCOR CORP,NUE,internal,yfinance,2017-12-31,2022-12-31,1.252299664143059,0.4242472268253379,0.8280524373177212,-0.10590870162874966,-0.3043536807168492,1.5190935961976502,1.3306809016832537,ok
4623,ZOETIS INC,ZTS,internal,yfinance,2017-12-31,2022-12-31,1.1058375011119086,0.4242472268253379,0.6815902742865707,0.8668993520155324,0.6684543729274328,0.12798662597339017,-0.060426068541006295,ok
7848,YUM BRANDS INC,YUM,internal,yfinance,2017-12-31,2022-12-31,0.715110024834503,0.4242472268253379,0.29086279800916515,0.2770388069562828,0.07859382786818325,0.34303673114079225,0.1546240366263958,ok
1731,HOLLYFRONTIER CORP,HFC,,,,,,,,,,,,no-price-data
1882,INTL BUSINESS MACHINES CORP,IBM,internal,yfinance,2018-01-01,2023-01-01,0.21418442267407078,0.4242472268253379,-0.2100628041512671,-0.04815148727735208,-0.24659646636545163,0.26260766395730384,0.08406970643672973,ok
6660,REGENCY CENTERS CORP,REGCP,,,,,,,,,,,,no-price-data
9029,UNDER ARMOUR INC,UA,internal,yfinance,2018-01-01,2023-01-01,-0.3614889115395068,0.4242472268253379,-0.7857361383648447,0.37294201421336504,0.1744970351252655,-0.5363825269018938,-0.7149204844224679,ok
6801,TRACTOR SUPPLY CO,TSCO,external,yfinance,2018-01-12,2023-01-12,1.98698182248723,0.4295860858489584,1.5573957366382716,0.1801955391629504,0.008239746014789828,1.5555618809798002,1.3441833576752409,ok
2587,NIKE INC -CL B,NKE,external,yfinance,2018-01-13,2023-01-13,1.1187419619923435,0.44037652819819817,0.6783654337941454,0.6462984909172587,0.46199281117990587,0.28697315443195026,0.07075292274511513,ok
414,BECTON DICKINSON & CO,BDX,internal,yfinance,2018-01-28,2023-01-28,0.1256075820903495,0.42649981489655375,-0.30089223280620425,0.18173613058489613,0.03360032805344071,-0.04749668478593949,-0.28994536703358853,ok
3465,SYSCO CORP,SYY,external,yfinance,2018-01-31,2023-01-31,0.4063735102319379,0.4436523750065491,-0.037278864774611176,0.3653398144259763,0.22308167644854082,0.030053833758018067,-0.2338044194760398,ok
4211,HARLEY-DAVIDSON INC,HOG,external,yfinance,2018-02-01,2023-02-01,0.06937407417481345,0.45968787498388686,-0.3903138008090734,-0.25921508928914183,-0.40221399142716097,0.4139356738339275,0.14606510146221985,ok
1473,FRANKLIN RESOURCES INC,BEN,internal,yfinance,2018-02-11,2023-02-11,0.05717667371697854,0.5400828166180347,-0.48290614290105616,-0.2484710311961943,-0.5126841336058329,0.4067011620319392,0.1884865954508954,ok
1148,DUPONT DE NEMOURS INC,DD,internal,yfinance,2018-02-18,2023-02-18,-0.18565222525405334,0.5017303473251049,-0.6873825725791582,-0.4530256857230759,-0.6938089785394763,0.4888226987815294,0.27851437498359033,ok
1772,CENTERPOINT ENERGY INC,CNP,external,yfinance,2018-02-19,2023-02-19,0.28318607778785077,0.5017303473251049,-0.21854426953725414,0.07336093556606649,-0.17326121775125425,0.19548423579541518,-0.009155312225554324,ok
1118,DISNEY (WALT) CO,DIS,internal,yfinance,2018-02-26,2023-02-26,-0.06078009341558621,0.42827741386612606,-0.48905750728171227,0.1551562481490263,0.03399141037043529,-0.18693258328526519,-0.46085535158758695,ok
9416,MARATHON PETROLEUM CORP,MPC,external,yfinance,2018-03-01,2023-03-01,1.2940951857085667,0.47568221919273035,0.8184129665158364,-0.21748393466081062,-0.32076404643593004,1.9126498634487903,1.633978076056854,ok
3890,WESTERN DIGITAL CORP,WDC,external,yfinance,2018-03-06,2023-03-06,-0.5515008005385162,0.4839595574877533,-1.0354603580262696,-0.37214364015575674,-0.4616741554953103,-0.2856659131831585,-0.6476833478442476,ok
4760,MGM RESORTS INTERNATIONAL,MGM,internal,yfinance,2018-03-22,2023-03-22,0.285723856638586,0.4891950485725056,-0.2034711919339196,-0.7258324885993956,-0.5976896174459618,3.6690564949565303,2.909438124284833,ok
5765,VERTEX PHARMACEUTICALS INC,VRTX,internal,yfinance,2018-03-31,2023-03-31,0.9970571846826004,0.5915961412261308,0.4054610434564696,0.5222954428045794,0.5212457405716573,0.3118722742829412,-0.27805491682050487,ok
32,ABBOTT LABORATORIES,ABT,internal,yfinance,2018-03-31,2023-03-31,0.8475305839534648,0.5915961412261308,0.255934442727334,0.40260098360605956,0.40155128137313745,0.31721751627715244,-0.2727096748262936,ok
5185,T-MOBILE US INC,TMUSL,,,,,,,,,,,,no-price-data
9266,AMERICAN WATER WORKS CO INC,AWK,internal,yfinance,2018-04-01,2023-04-01,0.9638668948350071,0.5915961412261308,0.3722707536088763,0.44206537899393483,0.48520444350036396,0.36184317538023847,-0.3015083966067076,ok
2876,ALTRIA GROUP INC,MO,internal,yfinance,2018-04-14,2023-04-14,0.010568144755665143,0.5451408601392742,-0.5345727153836091,-0.2505794527607538,-0.3133987269451336,0.34846602282049477,-0.10534733724021139,ok
6804,ALBEMARLE CORP,ALB-PA,,,,,,,,,,,,no-price-data
2325,MEDTRONIC PLC,MDT,internal,yfinance,2018-04-26,2023-04-26,0.24966925071018808,0.5208403936144483,-0.27117114290426025,0.28047656959140843,0.21680807590249884,-0.038200527516492166,-0.44727407249694806,ok
3285,KEYCORP,KEY-PL,internal,yfinance,2018-05-01,2023-05-01,-0.09146323836272263,0.5699374870161202,-0.6614007253788429,,,-0.09146323836272263,-0.5638394883855781,ok
3670,UNITED CONTINENTAL HLDGS INC,UAL,internal,yfinance,2018-05-20,2023-05-20,-0.3215355912290816,0.533832648065655,-0.8553682392947366,-0.6444983594134066,-0.7318014050677148,0.9084705422214707,0.49779423243275156,ok
2830,PPL CORP,PPLC,,,,,,,,,,,,no-price-data
1324,FMC CORP,FMC,internal,yfinance,2018-05-31,2023-05-31,0.5080526009875064,0.5450694562642036,-0.03701685527669718,0.3479538005858156,0.22262803398406006,0.11345401529637589,-0.2544122899207535,ok
3723,UNITED PARCEL SERVICE INC,UPS,external,yfinance,2018-06-01,2023-06-01,0.6634477367156413,0.5435489532902587,0.11989878342538263,-0.09132335227281896,-0.20874729034122774,0.8306267040936115,0.4492808238912829,ok
2165,LOCKHEED MARTIN CORP,LMT,external,yfinance,2018-06-15,2023-06-15,0.6669213381772696,0.5922235034829868,0.07469783469428282,0.26695817752900663,0.163733256188356,0.3156877375607814,-0.12755694689404384,ok
3317,AT&T INC,T-PC,internal,yfinance,2018-06-30,2023-06-30,-0.03874234356705342,0.6321427458615239,-0.6708850894285773,-0.040347880198788655,-0.1773555133819511,0.001673040259701386,-0.4337990693620988,ok
4307,FISERV INC,FISV,external,yfinance,2018-07-01,2023-07-01,0.6878512862124464,0.6321427458615239,0.05570854035092254,0.3179020981448035,0.17518426160945855,0.28071067538963357,-0.14758832693458612,ok
8540,TAPESTRY INC,TPR,internal,yfinance,2018-07-20,2023-07-20,0.0058699280255065656,0.6185385946824655,-0.612668666656959,-0.7058980029063926,-0.8665108870634413,2.420139740517832,2.025584659511638,ok
7060,DOLLAR TREE INC,DLTR,internal,yfinance,2018-07-20,2023-07-20,0.7450253595277048,0.6185385946824655,0.12648676484523924,0.12355391026759022,-0.037058973889458446,0.5531300666401513,0.1585749856339571,ok
838,CLOROX CO/DE,CLX,internal,yfinance,2018-08-03,2023-08-03,0.20800192231723758,0.5849771971538087,-0.3769752748365711,0.7033133708601094,0.5433823785009408,-0.29079290811458736,-0.6572338495107167,ok
9127,HANESBRANDS INC,HBI,,,,,,,,,,,,no-price-data
4144,COTY INC,COTY,external,yfinance,2018-09-01,2023-09-01,0.029275169800349277,0.5589252897079764,-0.5296501199076271,-0.6803548756824026,-0.8978180540398609,2.2200559041772463,1.9395857286346874,ok
1048,DANAHER CORP,DHR,internal,yfinance,2018-09-01,2023-09-01,1.6138344993426497,0.5589252897079764,1.0549092096346733,1.033246128922023,0.8157829505645646,0.28554751053599214,0.0050773349934332135,ok
10105,WATERS CORP,WAT,external,yfinance,2018-09-01,2023-09-01,0.49155421218697937,0.5589252897079764,-0.06737107752099702,0.12620849069854967,-0.09125468765890865,0.3244032739105156,0.04393309836795667,ok
1126,DOMINION ENERGY INC,D,internal,yfinance,2018-10-01,2023-10-01,-0.21458971051773212,0.46620540856044457,-0.6807951190781767,0.22922836722028106,0.07323728907690152,-0.36105421057084974,-0.6294077785891216,ok
1457,FORD MOTOR CO,F-PD,,,,,,,,,,,,no-price-data
3661,TYSON FOODS INC  -CL A,TSN,external,yfinance,2018-10-03,2023-10-03,-0.05600756157532072,0.44571380073703426,-0.501721362312355,0.049965233674262644,-0.09459414595447302,-0.0962058429122904,-0.3370232090270967,ok
1684,WELLTOWER INC,WELL,internal,yfinance,2018-10-05,2023-10-05,0.5839769038480089,0.475684124983766,0.10829277886424293,0.012181653624321997,-0.16907543489068666,0.5649136675973703,0.31566476206158245,ok
2691,FIRSTENERGY CORP,FE,internal,yfinance,2018-10-29,2023-10-29,0.15277468523186322,0.5588717907004259,-0.4060971054685627,-0.07898349006340433,-0.332219687856826,0.2516330302387546,0.0077559435051139936,ok
961,CMS ENERGY CORP,CMS-PB,internal,yfinance,2018-12-01,2023-12-01,0.03167117708242717,0.646602310751367,-0.6149311336689398,0.15020490326932645,-0.16232705391181312,-0.10305444347348958,-0.35757803944573074,ok
4923,IDEX CORP,IEX,internal,yfinance,2018-12-15,2023-12-15,0.7615473519631453,0.8536140089776059,-0.0920666570144606,0.5566531826400205,0.10547200703586368,0.13162480352600614,-0.14568918051592994,ok
8528,MOODY'S CORP,MCO,internal,yfinance,2018-12-31,2023-12-31,1.9162235895978963,0.902718508212556,1.0135050813853403,1.110998288991528,0.6126757240040688,0.38144289590639247,0.11154377493274459,ok
1232,ECOLAB INC,ECL,internal,yfinance,2019-01-01,2024-01-01,0.44448095510988983,0.9003079733915191,-0.4558270182816293,0.5219200765196681,0.02549572122558086,-0.041803628214608146,-0.33072049525034175,ok
9981,UNIVERSAL HEALTH SVCS INC,UHS,internal,yfinance,2019-01-01,2024-01-01,0.32958705329521276,0.9003079733915191,-0.5707209200963064,0.1778076319252626,-0.31861672336882463,0.14739169198329338,-0.14152517505244022,ok
8878,MASTERCARD INC,MA,internal,yfinance,2019-01-01,2024-01-01,1.3111041039003406,0.9003079733915191,0.41079613050882147,0.9018731684035803,0.4054488131094931,0.2340146441274522,-0.054902222908281395,ok
8916,LAS VEGAS SANDS CORP,LVS,internal,yfinance,2019-01-11,2024-01-11,-0.06444719425362588,0.841202428260077,-0.9056496225137028,0.06262927142620378,-0.40086440529721545,-0.11958682966569756,-0.37767386997481645,ok
9931,CVS HEALTH CORP,CVS,internal,yfinance,2019-01-31,2024-01-31,0.3030441098541661,0.791963953754399,-0.4889198439002329,0.16526215399718613,-0.20829646295403292,0.1212146002554706,-0.16278898345290171,ok
2884,PVH CORP,PVH,internal,yfinance,2019-02-01,2024-02-01,0.11378549898484369,0.8127232612604047,-0.698937762275561,-0.23982936659678988,-0.6341830469815148,0.4651782771435593,0.1651327529977451,ok
3714,UNITEDHEALTH GROUP INC,UNH,internal,yfinance,2019-02-04,2024-02-04,1.0499502105382952,0.8197600803077267,0.23019013023056845,0.26915730366140056,-0.15173243556427218,0.6152057783730824,0.33448706384466154,ok
1262,EMERSON ELECTRIC CO,EMR,internal,yfinance,2019-02-05,2024-02-05,0.5974554388247928,0.8054608418566744,-0.20800540303188164,0.36702591545732344,-0.05271698823861981,0.16856265909954016,-0.10311888067545127,ok
1858,INTEL CORP,INTC,external,yfinance,2019-02-15,2024-02-15,-0.02252275142091409,0.8121234340335679,-0.834646185454482,0.2564837862074951,-0.16116642984762675,-0.23027247397880923,-0.5092590624759116,ok
6630,MARRIOTT INTL INC,MAR,internal,yfinance,2019-02-16,2024-02-16,1.0406483044261652,0.8007201364986878,0.2399281679274774,0.08824910945464381,-0.3264737709648786,0.8751665282306538,0.6023235132334683,ok
890,CITIGROUP INC,C-PR,,,,,,,,,,,,no-price-data
167,AMERICAN INTERNATIONAL GROUP,AIG,internal,yfinance,2019-03-01,2024-03-01,0.9373563840099053,0.8322568420487997,0.1050995419611056,0.12098413436255218,-0.2706890356037155,0.7282638751275308,0.41167828478147905,ok
3840,WALGREENS BOOTS ALLIANCE INC,WBA,,,,,,,,,,,,no-price-data
6412,MICROCHIP TECHNOLOGY INC,MCHPP,,,,,,,,,,,,no-price-data
74,ALASKA AIR GROUP INC,ALK,internal,yfinance,2019-03-31,2024-03-31,-0.23325459889558608,0.8325783101342727,-1.0658329090298588,0.23439047305365635,-0.15124841860260085,-0.3788469549609971,-0.7013981053143102,ok
7913,METTLER-TOLEDO INTL INC,MTD,external,yfinance,2019-04-01,2024-04-01,0.8228359258829954,0.8288882587804336,-0.0060523328974382284,0.6090997318962708,0.2070753807589676,0.1328296747242903,-0.17163287422991602,ok
5331,SYNCHRONY FINANCIAL,SYF-PB,internal,yfinance,2019-04-01,2024-04-01,0.003611537505611384,0.8288882587804336,-0.8252767212748222,,,0.003611537505611384,-0.30085101144859494,ok
10156,IPG PHOTONICS CORP,IPGP,internal,yfinance,2019-05-04,2024-05-04,-0.46281960815398127,0.7486249101582438,-1.211444518312225,0.17324012097061803,-0.24694838832601085,-0.5421394288821192,-0.7734019681236727,ok
2610,EVERSOURCE ENERGY,ES,internal,yfinance,2019-05-05,2024-05-05,-0.023385155846392336,0.7486249101582438,-0.7720100660046362,0.2280746685035302,-0.19311289194426773,-0.20475939354431827,-0.4351563930841077,ok
9281,PHILIP MORRIS INTERNATIONAL,PM,internal,yfinance,2019-05-05,2024-05-05,0.5152102803123269,0.7486249101582438,-0.233414629845917,0.2667964508200946,-0.1543911096277033,0.19609608894263553,-0.0343009105971539,ok
802,CINTAS CORP,CTAS,internal,yfinance,2019-05-31,2024-05-31,2.184117810255879,0.9176579192540246,1.2664598910018543,0.6332148394713273,0.1055919774072378,0.9526942935586191,0.6967543889968235,ok
9224,ULTA BEAUTY INC,ULTA,internal,yfinance,2019-06-02,2024-06-02,0.19506953733746224,0.9229754083770094,-0.7279058710395472,0.018723540009458084,-0.5145965030070454,0.17310486152736493,-0.0810204054938215,ok
3662,TYSON FOODS INC  -CL A,TSN,internal,yfinance,2019-06-02,2024-06-02,-0.1597614110205967,0.9229754083770094,-1.0827368193976061,0.07790820570691981,-0.4554118373095837,-0.2204915181730589,-0.4746167851942453,ok
8079,REPUBLIC SERVICES INC,RSG,internal,yfinance,2019-06-25,2024-06-25,1.425897628661922,0.874730074375786,0.5511675542861361,0.3000717962990893,-0.1672380389856083,0.8659720452114399,0.5883072812374168,ok
2710,ONEOK INC,OKE,external,yfinance,2019-06-28,2024-06-28,0.6695455460995885,0.8561949181244719,-0.1866493720248834,-0.03964899609605732,-0.4981669748019717,0.7384743071155071,0.4658160709987327,ok
2346,MERCK & CO,MRK,internal,yfinance,2019-06-30,2024-06-30,0.7820334442400263,0.8420620634536813,-0.06002861921365499,0.02322071487828592,-0.4265166243313401,0.7415924231479252,0.4709746266455983,ok
1827,TRANE TECHNOLOGIES PLC,TT,internal,yfinance,2019-07-01,2024-07-01,2.5933273751585455,0.8469906182691731,1.7463367568893724,0.9449309101087984,0.4876235834771092,0.8475347152344537,0.5801351869975588,ok
10114,AMAZON.COM INC,AMZN,internal,yfinance,2019-07-05,2024-07-05,1.0339593286921325,0.8616812092758435,0.172278119416289,0.8070728509379721,0.3516403277492206,0.07510320959528549,-0.20661398222041605,ok
6108,STERIS PLC,STE,internal,yfinance,2019-07-29,2024-07-29,0.6203850411890619,0.8085383476323902,-0.18815330644332828,0.4685506292967119,0.005725793167936644,0.10339065529192104,-0.13294215979652946,ok
2619,XCEL ENERGY INC,XELLL,,,,,,,,,,,,no-price-data
5026,EOG RESOURCES INC,EOG,internal,yfinance,2019-10-01,2024-10-01,1.1710425320127307,0.9415865997789303,0.22945593223380034,0.24981853578321522,-0.2320418635238164,0.7370862007997172,0.4268503643559589,ok
1675,HASBRO INC,HAS,internal,yfinance,2019-10-10,2024-10-10,-0.2690616972460995,0.9672546943890024,-1.2363163916351019,-0.19899868653852415,-0.6936024034941636,-0.07242183834885518,-0.3977596205468358,ok
8402,TELEDYNE TECHNOLOGIES INC,TDY,internal,yfinance,2019-10-15,2024-10-15,0.39154956752886405,0.9412153161636976,-0.5496657486348335,0.3165818218022045,-0.17602427071138838,0.05694119764166272,-0.24361313206406265,ok
10358,CORTEVA INC,CTVA,external,yfinance,2019-11-01,2024-11-01,1.48653834681441,0.8679387294905303,0.6185996173238797,0.6975427777955154,0.19320451743175204,0.46478685505852746,0.22308558433578152,ok
2965,PROCTER & GAMBLE CO,PG,internal,yfinance,2019-11-01,2024-11-01,0.5086642453082006,0.8679387294905303,-0.35927448418232966,0.20964919041541497,-0.2946890699483484,0.24719154715434377,0.005490276431597829,ok
9122,WESTERN UNION CO,WU,external,yfinance,2019-12-01,2024-12-01,-0.4538368071856692,0.9372612394832471,-1.3910980466689162,-0.3482223559175649,-0.7975570645658351,-0.16204061650010582,-0.4986961370803342,ok
4537,CADENCE DESIGN SYSTEMS INC,CDNS,internal,yfinance,2019-12-15,2024-12-15,3.4417899050711505,0.8960315644392569,2.5457583406318935,1.6682596407003576,1.192488386344064,0.6646767943112466,0.3799034536987316,ok
4124,PRICE (T. ROWE) GROUP,TROW,internal,yfinance,2019-12-31,2024-12-31,0.1393200677357782,0.8204984027007676,-0.6811783349649894,0.7283192211624023,0.25307790712638334,-0.34079303534591565,-0.5748273491763638,ok
8843,ASSURANT INC,AIZN,internal,yfinance,2019-12-31,2024-12-31,-0.026420832373247882,0.8204984027007676,-0.8469192350740155,0.060420387253864005,-0.414820926782155,-0.08189320072580053,-0.3159275145562487,ok
3694,AMEREN CORP,AEE,internal,yfinance,2020-01-01,2025-01-01,0.3525032277284923,0.8053715507180148,-0.4528683229895225,0.23281336510946016,-0.23016990082107402,0.10241247284916866,-0.1238058609074757,ok
1978,JOHNSON & JOHNSON,JNJ,internal,yfinance,2020-01-02,2025-01-02,0.13816487398952892,0.8013566090439304,-0.6631917350544014,0.23415210904462436,-0.22883115688590983,-0.08030253421650335,-0.30379389740148444,ok
6464,ROYAL CARIBBEAN CRUISES LTD,RCL,internal,yfinance,2020-01-03,2025-01-03,0.7407397734910504,0.8370156376486364,-0.09627586415758604,-0.3884761084885895,-0.8712527175404301,1.846560531247158,1.6076580381579844,ok
6824,AVALONBAY COMMUNITIES INC,AVB,external,yfinance,2020-01-03,2025-01-03,0.23476325616104288,0.8370156376486364,-0.6022523814875935,0.2959628281107456,-0.18681378094109502,-0.04722324639428099,-0.28612573948345466,ok
8762,WYNN RESORTS LTD,WYNN,internal,yfinance,2020-01-31,2025-01-31,-0.27028908880673685,0.8727305205298626,-1.1430196093365994,-0.3170018946287835,-0.7169466406991315,0.06839375608027165,-0.26932369725967376,ok
3312,SOUTHWEST AIRLINES,LUV,internal,yfinance,2020-02-01,2025-02-01,-0.4127762670252876,0.8592424345350347,-1.2720187015603224,-0.1786691605924342,-0.5780696224045629,-0.28503386844906153,-0.6136331402596781,ok
3965,WEC ENERGY GROUP INC,WEC,internal,yfinance,2020-02-01,2025-02-01,0.15511591371192335,0.8592424345350347,-0.7041265208231113,-0.002005607184292435,-0.4014060689964212,0.1574372782325144,-0.17116199357810213,ok
10167,AMERICAN WATER WORKS CO INC,AWK,internal,yfinance,2020-02-02,2025-02-02,-0.0017725626248222826,0.8592424345350347,-0.861014997159857,0.21361153905703323,-0.1989747952235299,-0.1774736765021263,-0.49367105815239953,ok
2615,NISOURCE INC,NI,external,yfinance,2020-02-14,2025-02-14,0.5612608676483659,0.8089765105215658,-0.24771564287319991,0.007993538174990045,-0.2942140603785812,0.5488798375385291,0.15971845303202747,ok
1888,INTL FLAVORS & FRAGRANCES,IFF,external,yfinance,2020-02-14,2025-02-14,-0.2735549636273772,0.8089765105215658,-1.0825314741489431,0.017623058219416565,-0.2845845403341547,-0.28613544032333726,-0.6752968248298389,ok
6046,LINDE PLC,LIN,internal,yfinance,2020-03-01,2025-03-01,1.5344507827920801,0.9268792412326461,0.607571541559434,0.4714835593518256,0.07797569979381525,0.7223779135585322,0.3396234296019012,ok
1740,HOME DEPOT INC,HD,internal,yfinance,2020-03-01,2025-03-01,0.9456512942591431,0.9268792412326461,0.018772053026496982,0.45539582273745105,0.061887963179440675,0.33685370252030244,-0.045900781436328586,ok
1327,NEXTERA ENERGY INC,NEE-PV,,,,,,,,,,,,no-price-data
16,AMERICAN AIRLINES GROUP INC,AAL,internal,yfinance,2020-03-31,2025-03-31,-0.12223132259298342,1.17127277704461,-1.2935040996375935,0.497128845629226,-0.2557255731337227,-0.4136986405882117,-0.6524054914269448,ok
10061,STARBUCKS CORP,SBUX,external,yfinance,2020-04-04,2025-04-04,0.44983014787187403,0.9049135813399889,-0.45508343346811486,0.3487283630255027,-0.3716885993443684,0.07496082059072084,-0.03227865856203871,ok
8677,CENTENE CORP,CNC,internal,yfinance,2020-04-07,2025-04-07,0.029592663909260963,0.9035237768158706,-0.8739311129066096,0.47231912405674237,-0.21986452181379978,-0.3007000676100835,-0.42559202686111663,ok
4610,DENTSPLY SIRONA INC,XRAY,external,yfinance,2020-04-19,2025-04-19,-0.6635140816669276,0.8712011929092018,-1.5347152745761294,0.03908993174913955,-0.5414829368998344,-0.6761724774229572,-0.860047786195433,ok
5303,KEYSIGHT TECHNOLOGIES INC,KEYS,internal,yfinance,2020-04-30,2025-04-30,0.4937481457700852,0.912169627873793,-0.4184214821037078,0.44951957361167594,0.030796969887555425,0.018890590165711707,-0.32131420834826296,ok
2601,NORFOLK SOUTHERN CORP,NSC,internal,yfinance,2020-05-01,2025-05-01,0.45461546809805164,0.979764869609856,-0.5251494015118043,0.5638851655541333,0.10420535631899708,-0.0652674927241611,-0.41391437815059795,ok
4239,NVR INC,NVR,internal,yfinance,2020-05-05,2025-05-05,1.298064516129032,0.9698442352752927,0.32822028085373933,0.4341935483870967,-0.011494770662909604,0.6023391812865497,0.23977422913301716,ok
9324,VERISK ANALYTICS INC,VRSK,internal,yfinance,2020-05-18,2025-05-18,1.0174678088384934,1.0171163170503212,0.00035149178817217575,0.06460822237501018,-0.26369225001100816,0.8950330895789724,0.37646379070114655,ok
2150,LINCOLN NATIONAL CORP,LNC-PD,internal,yfinance,2020-05-27,2025-05-27,0.2577497439425045,0.9503579450221407,-0.6926082010796362,,,0.2577497439425045,-0.1662997830931865,ok
7081,DARDEN RESTAURANTS INC,DRI,internal,yfinance,2020-05-29,2025-05-29,2.217572201137408,0.942039348188467,1.2755328529489411,0.7112423186596522,0.34533669329907224,0.8958988422131813,0.4651255010714126,ok
10067,MATCH GROUP INC,MTCH,external,yfinance,2020-05-31,2025-05-31,-0.6697044500302614,0.9346244528122196,-1.604328902842481,-0.14117540315075916,-0.4934381779231155,-0.6154097691408817,-1.0460669527181636,ok
1336,FEDEX CORP,FDX,internal,yfinance,2020-06-01,2025-06-01,0.8362145652476292,0.9346244528122196,-0.09840988756459046,0.7271919166502543,0.385047811417625,0.06312132864124065,-0.378321840739515,ok
10152,UNDER ARMOUR INC,UA,external,yfinance,2020-06-01,2025-06-01,-0.23728813363632317,0.9346244528122196,-1.171912586448543,0.13922513155740557,-0.2029189736752237,-0.33049943752470334,-0.771942606905459,ok
3366,STANLEY BLACK & DECKER INC,SWK,internal,yfinance,2020-07-01,2025-07-01,-0.4195395448539706,0.9891810132494547,-1.4087205581034254,-0.1804297951342575,-0.40812614421398385,-0.2917501738107753,-0.9120050639882467,ok
10375,PHILLIPS 66,PSX,internal,yfinance,2020-07-01,2025-07-01,1.1226801867875973,0.9891810132494547,0.13349917353814256,0.34488825183963057,0.11719190275990421,0.5783320167188979,-0.041922873458573484,ok
1371,FIFTH THIRD BANCORP,FITBP,internal,yfinance,2020-07-05,2025-07-05,0.27392662826189174,0.9748122965267632,-0.7008856682648714,0.05672077852329771,-0.14822491728616605,0.2055470604468721,-0.43337517762138766,ok
10316,KEURIG DR PEPPER INC,KDP,internal,yfinance,2020-07-29,2025-07-29,0.18647677346116498,0.9551871379687815,-0.7687103645076165,0.2905851006197566,0.023018377484149477,-0.08066754149617683,-0.6231402983796905,ok
1027,CUMMINS INC,CMI,internal,yfinance,2020-08-01,2025-08-01,1.1308796734460307,0.8933984787979716,0.23748119464805906,0.17135492507065897,-0.07875654442745517,0.8191579920300338,0.30457427290127503,ok
661,CARDINAL HEALTH INC,CAH,internal,yfinance,2020-09-01,2025-09-01,2.4496733613806123,0.8318403993919623,1.61783296198865,0.5546794422147756,0.42985837760613643,1.2188968784885028,0.5903352725326989,ok
9584,PAYCHEX INC,PAYX,internal,yfinance,2020-10-14,2025-10-14,0.7361108992719441,0.9045396117677817,-0.16842871249583768,0.36224003485285383,0.33518096976548106,0.27445300009808826,-0.5799093014563614,ok
7669,QUEST DIAGNOSTICS INC,DGX,internal,yfinance,2020-11-01,2025-11-01,0.5547973765051895,1.0663759170005656,-0.5115785404953761,0.18776821596666315,0.02286775284851128,0.30900739353411666,-0.46485739785706004,ok
1124,DOLLAR GENERAL CORP,DG,internal,yfinance,2020-11-01,2025-11-01,-0.49217338613683115,1.0663759170005656,-1.5585493031373967,0.23312450528420658,0.06822404216605471,-0.5881789619077219,-1.3620437532988987,ok
9883,LUMEN TECHNOLOGIES INC,LUMN,external,yfinance,2020-11-07,2025-11-07,0.3977216547583633,0.8951696393993804,-0.49744798464101714,-0.22831452785797302,-0.3005015575236891,0.8112582201121388,0.04368447881230986,ok
10213,KEURIG DR PEPPER INC,KDP,internal,yfinance,2020-11-10,2025-11-10,0.03264588394728629,0.9270546630051277,-0.8944087790578414,0.3922459166694965,0.27637041018786057,-0.2582877266269441,-0.9852318631472858,ok
2868,EXELON CORP,EXC,internal,yfinance,2020-12-30,2025-12-30,0.7414303087157419,0.8478473334137533,-0.1064170246980114,0.5427229207877322,0.5139290279535882,0.12880303082976652,-0.6673267346019303,ok
